Plugin ID,CVSS v2.0 Base Score,Risk,Host,Protocol,Port,Name
"12107","10.0","Critical","10.10.10.10","tcp","445","McAfee Antivirus Detection and Status"
"18391","5.0","Medium","10.10.10.10","tcp","26","SMTP Server Non-standard Port Detection"
"18391","5.0","Medium","10.10.10.10","tcp","30","SMTP Server Non-standard Port Detection"
"20007","7.1","High","10.10.10.10","tcp","30","SSL Version 2 and 3 Protocol Detection"
"20007","7.1","High","10.10.10.10","tcp","143","SSL Version 2 and 3 Protocol Detection"
"20007","7.1","High","10.10.10.10","tcp","443","SSL Version 2 and 3 Protocol Detection"
"20007","7.1","High","10.10.10.10","tcp","444","SSL Version 2 and 3 Protocol Detection"
"20007","7.1","High","10.10.10.10","tcp","587","SSL Version 2 and 3 Protocol Detection"
"20007","7.1","High","10.10.10.10","tcp","717","SSL Version 2 and 3 Protocol Detection"
"20007","7.1","High","10.10.10.10","tcp","993","SSL Version 2 and 3 Protocol Detection"
"20007","7.1","High","10.10.10.10","tcp","2525","SSL Version 2 and 3 Protocol Detection"
"20007","7.1","High","10.10.10.10","tcp","8172","SSL Version 2 and 3 Protocol Detection"
"20007","7.1","High","10.10.10.10","tcp","9933","SSL Version 2 and 3 Protocol Detection"
"35291","5.0","Medium","10.10.10.10","tcp","8172","SSL Certificate Signed Using Weak Hashing Algorithm"
"42873","5.0","Medium","10.10.10.10","tcp","30","SSL Medium Strength Cipher Suites Supported (SWEET32)"
"42873","5.0","Medium","10.10.10.10","tcp","143","SSL Medium Strength Cipher Suites Supported (SWEET32)"
"42873","5.0","Medium","10.10.10.10","tcp","443","SSL Medium Strength Cipher Suites Supported (SWEET32)"
"42873","5.0","Medium","10.10.10.10","tcp","444","SSL Medium Strength Cipher Suites Supported (SWEET32)"
"42873","5.0","Medium","10.10.10.10","tcp","587","SSL Medium Strength Cipher Suites Supported (SWEET32)"
"42873","5.0","Medium","10.10.10.10","tcp","717","SSL Medium Strength Cipher Suites Supported (SWEET32)"
"42873","5.0","Medium","10.10.10.10","tcp","993","SSL Medium Strength Cipher Suites Supported (SWEET32)"
"42873","5.0","Medium","10.10.10.10","tcp","2525","SSL Medium Strength Cipher Suites Supported (SWEET32)"
"42873","5.0","Medium","10.10.10.10","tcp","3389","SSL Medium Strength Cipher Suites Supported (SWEET32)"
"42873","5.0","Medium","10.10.10.10","tcp","8172","SSL Medium Strength Cipher Suites Supported (SWEET32)"
"42873","5.0","Medium","10.10.10.10","tcp","9933","SSL Medium Strength Cipher Suites Supported (SWEET32)"
"45411","5.0","Medium","10.10.10.10","tcp","8172","SSL Certificate with Wrong Hostname"
"51192","6.4","Medium","10.10.10.10","tcp","30","SSL Certificate Cannot Be Trusted"
"51192","6.4","Medium","10.10.10.10","tcp","143","SSL Certificate Cannot Be Trusted"
"51192","6.4","Medium","10.10.10.10","tcp","443","SSL Certificate Cannot Be Trusted"
"51192","6.4","Medium","10.10.10.10","tcp","444","SSL Certificate Cannot Be Trusted"
"51192","6.4","Medium","10.10.10.10","tcp","587","SSL Certificate Cannot Be Trusted"
"51192","6.4","Medium","10.10.10.10","tcp","717","SSL Certificate Cannot Be Trusted"
"51192","6.4","Medium","10.10.10.10","tcp","993","SSL Certificate Cannot Be Trusted"
"51192","6.4","Medium","10.10.10.10","tcp","2525","SSL Certificate Cannot Be Trusted"
"51192","6.4","Medium","10.10.10.10","tcp","3389","SSL Certificate Cannot Be Trusted"
"51192","6.4","Medium","10.10.10.10","tcp","8172","SSL Certificate Cannot Be Trusted"
"51192","6.4","Medium","10.10.10.10","tcp","9933","SSL Certificate Cannot Be Trusted"
"54582","2.6","Low","10.10.10.10","tcp","26","SMTP Service Cleartext Login Permitted"
"56710","10.0","Critical","10.10.10.10","tcp","0","Wireshark / Ethereal Unsupported Version Detection"
"57582","6.4","Medium","10.10.10.10","tcp","3389","SSL Self-Signed Certificate"
"57582","6.4","Medium","10.10.10.10","tcp","8172","SSL Self-Signed Certificate"
"63155","6.9","Medium","10.10.10.10","tcp","445","Microsoft Windows Unquoted Service Path Enumeration"
"63155","6.9","Medium","10.10.10.10","tcp","445","Microsoft Windows Unquoted Service Path Enumeration"
"63155","6.9","Medium","10.10.10.10","tcp","445","Microsoft Windows Unquoted Service Path Enumeration"
"65821","4.3","Medium","10.10.10.10","tcp","30","SSL RC4 Cipher Suites Supported (Bar Mitzvah)"
"65821","4.3","Medium","10.10.10.10","tcp","30","SSL RC4 Cipher Suites Supported (Bar Mitzvah)"
"65821","4.3","Medium","10.10.10.10","tcp","143","SSL RC4 Cipher Suites Supported (Bar Mitzvah)"
"65821","4.3","Medium","10.10.10.10","tcp","143","SSL RC4 Cipher Suites Supported (Bar Mitzvah)"
"65821","4.3","Medium","10.10.10.10","tcp","443","SSL RC4 Cipher Suites Supported (Bar Mitzvah)"
"65821","4.3","Medium","10.10.10.10","tcp","443","SSL RC4 Cipher Suites Supported (Bar Mitzvah)"
"65821","4.3","Medium","10.10.10.10","tcp","444","SSL RC4 Cipher Suites Supported (Bar Mitzvah)"
"65821","4.3","Medium","10.10.10.10","tcp","444","SSL RC4 Cipher Suites Supported (Bar Mitzvah)"
"65821","4.3","Medium","10.10.10.10","tcp","587","SSL RC4 Cipher Suites Supported (Bar Mitzvah)"
"65821","4.3","Medium","10.10.10.10","tcp","587","SSL RC4 Cipher Suites Supported (Bar Mitzvah)"
"65821","4.3","Medium","10.10.10.10","tcp","717","SSL RC4 Cipher Suites Supported (Bar Mitzvah)"
"65821","4.3","Medium","10.10.10.10","tcp","717","SSL RC4 Cipher Suites Supported (Bar Mitzvah)"
"65821","4.3","Medium","10.10.10.10","tcp","993","SSL RC4 Cipher Suites Supported (Bar Mitzvah)"
"65821","4.3","Medium","10.10.10.10","tcp","993","SSL RC4 Cipher Suites Supported (Bar Mitzvah)"
"65821","4.3","Medium","10.10.10.10","tcp","2525","SSL RC4 Cipher Suites Supported (Bar Mitzvah)"
"65821","4.3","Medium","10.10.10.10","tcp","2525","SSL RC4 Cipher Suites Supported (Bar Mitzvah)"
"65821","4.3","Medium","10.10.10.10","tcp","3389","SSL RC4 Cipher Suites Supported (Bar Mitzvah)"
"65821","4.3","Medium","10.10.10.10","tcp","3389","SSL RC4 Cipher Suites Supported (Bar Mitzvah)"
"65821","4.3","Medium","10.10.10.10","tcp","8172","SSL RC4 Cipher Suites Supported (Bar Mitzvah)"
"65821","4.3","Medium","10.10.10.10","tcp","8172","SSL RC4 Cipher Suites Supported (Bar Mitzvah)"
"65821","4.3","Medium","10.10.10.10","tcp","9933","SSL RC4 Cipher Suites Supported (Bar Mitzvah)"
"65821","4.3","Medium","10.10.10.10","tcp","9933","SSL RC4 Cipher Suites Supported (Bar Mitzvah)"
"78447","4.3","Medium","10.10.10.10","tcp","445","MS KB3009008: Vulnerability in SSL 3.0 Could Allow Information Disclosure (POODLE)"
"78479","4.3","Medium","10.10.10.10","tcp","30","SSLv3 Padding Oracle On Downgraded Legacy Encryption Vulnerability (POODLE)"
"78479","4.3","Medium","10.10.10.10","tcp","143","SSLv3 Padding Oracle On Downgraded Legacy Encryption Vulnerability (POODLE)"
"78479","4.3","Medium","10.10.10.10","tcp","443","SSLv3 Padding Oracle On Downgraded Legacy Encryption Vulnerability (POODLE)"
"78479","4.3","Medium","10.10.10.10","tcp","444","SSLv3 Padding Oracle On Downgraded Legacy Encryption Vulnerability (POODLE)"
"78479","4.3","Medium","10.10.10.10","tcp","587","SSLv3 Padding Oracle On Downgraded Legacy Encryption Vulnerability (POODLE)"
"78479","4.3","Medium","10.10.10.10","tcp","717","SSLv3 Padding Oracle On Downgraded Legacy Encryption Vulnerability (POODLE)"
"78479","4.3","Medium","10.10.10.10","tcp","993","SSLv3 Padding Oracle On Downgraded Legacy Encryption Vulnerability (POODLE)"
"78479","4.3","Medium","10.10.10.10","tcp","2525","SSLv3 Padding Oracle On Downgraded Legacy Encryption Vulnerability (POODLE)"
"78479","4.3","Medium","10.10.10.10","tcp","8172","SSLv3 Padding Oracle On Downgraded Legacy Encryption Vulnerability (POODLE)"
"78479","4.3","Medium","10.10.10.10","tcp","9933","SSLv3 Padding Oracle On Downgraded Legacy Encryption Vulnerability (POODLE)"
"81264","8.3","High","10.10.10.10","tcp","445","MS15-011: Vulnerability in Group Policy Could Allow Remote Code Execution (3000483)"
"93940","7.8","High","10.10.10.10","tcp","445","Wireshark 2.2.x < 2.2.1 Multiple DoS"
"104743","6.1","Medium","10.10.10.10","tcp","30","TLS Version 1.0 Protocol Detection"
"104743","6.1","Medium","10.10.10.10","tcp","143","TLS Version 1.0 Protocol Detection"
"104743","6.1","Medium","10.10.10.10","tcp","443","TLS Version 1.0 Protocol Detection"
"104743","6.1","Medium","10.10.10.10","tcp","444","TLS Version 1.0 Protocol Detection"
"104743","6.1","Medium","10.10.10.10","tcp","587","TLS Version 1.0 Protocol Detection"
"104743","6.1","Medium","10.10.10.10","tcp","717","TLS Version 1.0 Protocol Detection"
"104743","6.1","Medium","10.10.10.10","tcp","993","TLS Version 1.0 Protocol Detection"
"104743","6.1","Medium","10.10.10.10","tcp","2525","TLS Version 1.0 Protocol Detection"
"104743","6.1","Medium","10.10.10.10","tcp","3389","TLS Version 1.0 Protocol Detection"
"104743","6.1","Medium","10.10.10.10","tcp","8172","TLS Version 1.0 Protocol Detection"
"104743","6.1","Medium","10.10.10.10","tcp","9933","TLS Version 1.0 Protocol Detection"
"117339","5.0","Medium","10.10.10.10","tcp","445","Wireshark 2.2.x < 2.2.17 / 2.4.x < 2.4.9 / 2.6.x < 2.6.3 Multiple Vulnerabilities"
"117339","5.0","Medium","10.10.10.10","tcp","445","Wireshark 2.2.x < 2.2.17 / 2.4.x < 2.4.9 / 2.6.x < 2.6.3 Multiple Vulnerabilities"
"117339","5.0","Medium","10.10.10.10","tcp","445","Wireshark 2.2.x < 2.2.17 / 2.4.x < 2.4.9 / 2.6.x < 2.6.3 Multiple Vulnerabilities"
"134204","4.3","Medium","10.10.10.10","tcp","445","MS15-124: Cumulative Security Update for Internet Explorer (CVE-2015-6161) (3125869)"
"144450","4.6","Medium","10.10.10.10","tcp","445","McAfee VirusScan Enterprise < 8.8 Patch 16 Access Control Bypass Vulnerability (SB10338)"
"12107","10.0","Critical","10.10.10.11","tcp","445","McAfee Antivirus Detection and Status"
"18391","5.0","Medium","10.10.10.11","tcp","26","SMTP Server Non-standard Port Detection"
"20007","7.1","High","10.10.10.11","tcp","143","SSL Version 2 and 3 Protocol Detection"
"20007","7.1","High","10.10.10.11","tcp","443","SSL Version 2 and 3 Protocol Detection"
"20007","7.1","High","10.10.10.11","tcp","444","SSL Version 2 and 3 Protocol Detection"
"20007","7.1","High","10.10.10.11","tcp","465","SSL Version 2 and 3 Protocol Detection"
"20007","7.1","High","10.10.10.11","tcp","587","SSL Version 2 and 3 Protocol Detection"
"20007","7.1","High","10.10.10.11","tcp","717","SSL Version 2 and 3 Protocol Detection"
"20007","7.1","High","10.10.10.11","tcp","993","SSL Version 2 and 3 Protocol Detection"
"20007","7.1","High","10.10.10.11","tcp","2525","SSL Version 2 and 3 Protocol Detection"
"20007","7.1","High","10.10.10.11","tcp","8172","SSL Version 2 and 3 Protocol Detection"
"20007","7.1","High","10.10.10.11","tcp","9933","SSL Version 2 and 3 Protocol Detection"
"35291","5.0","Medium","10.10.10.11","tcp","8172","SSL Certificate Signed Using Weak Hashing Algorithm"
"42873","5.0","Medium","10.10.10.11","tcp","143","SSL Medium Strength Cipher Suites Supported (SWEET32)"
"42873","5.0","Medium","10.10.10.11","tcp","443","SSL Medium Strength Cipher Suites Supported (SWEET32)"
"42873","5.0","Medium","10.10.10.11","tcp","444","SSL Medium Strength Cipher Suites Supported (SWEET32)"
"42873","5.0","Medium","10.10.10.11","tcp","465","SSL Medium Strength Cipher Suites Supported (SWEET32)"
"42873","5.0","Medium","10.10.10.11","tcp","587","SSL Medium Strength Cipher Suites Supported (SWEET32)"
"42873","5.0","Medium","10.10.10.11","tcp","717","SSL Medium Strength Cipher Suites Supported (SWEET32)"
"42873","5.0","Medium","10.10.10.11","tcp","993","SSL Medium Strength Cipher Suites Supported (SWEET32)"
"42873","5.0","Medium","10.10.10.11","tcp","2525","SSL Medium Strength Cipher Suites Supported (SWEET32)"
"42873","5.0","Medium","10.10.10.11","tcp","3389","SSL Medium Strength Cipher Suites Supported (SWEET32)"
"42873","5.0","Medium","10.10.10.11","tcp","8172","SSL Medium Strength Cipher Suites Supported (SWEET32)"
"42873","5.0","Medium","10.10.10.11","tcp","9933","SSL Medium Strength Cipher Suites Supported (SWEET32)"
"45411","5.0","Medium","10.10.10.11","tcp","8172","SSL Certificate with Wrong Hostname"
"51192","6.4","Medium","10.10.10.11","tcp","143","SSL Certificate Cannot Be Trusted"
"51192","6.4","Medium","10.10.10.11","tcp","443","SSL Certificate Cannot Be Trusted"
"51192","6.4","Medium","10.10.10.11","tcp","444","SSL Certificate Cannot Be Trusted"
"51192","6.4","Medium","10.10.10.11","tcp","465","SSL Certificate Cannot Be Trusted"
"51192","6.4","Medium","10.10.10.11","tcp","587","SSL Certificate Cannot Be Trusted"
"51192","6.4","Medium","10.10.10.11","tcp","717","SSL Certificate Cannot Be Trusted"
"51192","6.4","Medium","10.10.10.11","tcp","993","SSL Certificate Cannot Be Trusted"
"51192","6.4","Medium","10.10.10.11","tcp","2525","SSL Certificate Cannot Be Trusted"
"51192","6.4","Medium","10.10.10.11","tcp","3389","SSL Certificate Cannot Be Trusted"
"51192","6.4","Medium","10.10.10.11","tcp","8172","SSL Certificate Cannot Be Trusted"
"51192","6.4","Medium","10.10.10.11","tcp","9933","SSL Certificate Cannot Be Trusted"
"56710","10.0","Critical","10.10.10.11","tcp","0","Wireshark / Ethereal Unsupported Version Detection"
"57582","6.4","Medium","10.10.10.11","tcp","3389","SSL Self-Signed Certificate"
"57582","6.4","Medium","10.10.10.11","tcp","8172","SSL Self-Signed Certificate"
"63155","6.9","Medium","10.10.10.11","tcp","445","Microsoft Windows Unquoted Service Path Enumeration"
"63155","6.9","Medium","10.10.10.11","tcp","445","Microsoft Windows Unquoted Service Path Enumeration"
"63155","6.9","Medium","10.10.10.11","tcp","445","Microsoft Windows Unquoted Service Path Enumeration"
"65821","4.3","Medium","10.10.10.11","tcp","143","SSL RC4 Cipher Suites Supported (Bar Mitzvah)"
"65821","4.3","Medium","10.10.10.11","tcp","143","SSL RC4 Cipher Suites Supported (Bar Mitzvah)"
"65821","4.3","Medium","10.10.10.11","tcp","443","SSL RC4 Cipher Suites Supported (Bar Mitzvah)"
"65821","4.3","Medium","10.10.10.11","tcp","443","SSL RC4 Cipher Suites Supported (Bar Mitzvah)"
"65821","4.3","Medium","10.10.10.11","tcp","444","SSL RC4 Cipher Suites Supported (Bar Mitzvah)"
"65821","4.3","Medium","10.10.10.11","tcp","444","SSL RC4 Cipher Suites Supported (Bar Mitzvah)"
"65821","4.3","Medium","10.10.10.11","tcp","465","SSL RC4 Cipher Suites Supported (Bar Mitzvah)"
"65821","4.3","Medium","10.10.10.11","tcp","465","SSL RC4 Cipher Suites Supported (Bar Mitzvah)"
"65821","4.3","Medium","10.10.10.11","tcp","587","SSL RC4 Cipher Suites Supported (Bar Mitzvah)"
"65821","4.3","Medium","10.10.10.11","tcp","587","SSL RC4 Cipher Suites Supported (Bar Mitzvah)"
"65821","4.3","Medium","10.10.10.11","tcp","717","SSL RC4 Cipher Suites Supported (Bar Mitzvah)"
"65821","4.3","Medium","10.10.10.11","tcp","717","SSL RC4 Cipher Suites Supported (Bar Mitzvah)"
"65821","4.3","Medium","10.10.10.11","tcp","993","SSL RC4 Cipher Suites Supported (Bar Mitzvah)"
"65821","4.3","Medium","10.10.10.11","tcp","993","SSL RC4 Cipher Suites Supported (Bar Mitzvah)"
"65821","4.3","Medium","10.10.10.11","tcp","2525","SSL RC4 Cipher Suites Supported (Bar Mitzvah)"
"65821","4.3","Medium","10.10.10.11","tcp","2525","SSL RC4 Cipher Suites Supported (Bar Mitzvah)"
"65821","4.3","Medium","10.10.10.11","tcp","3389","SSL RC4 Cipher Suites Supported (Bar Mitzvah)"
"65821","4.3","Medium","10.10.10.11","tcp","3389","SSL RC4 Cipher Suites Supported (Bar Mitzvah)"
"65821","4.3","Medium","10.10.10.11","tcp","8172","SSL RC4 Cipher Suites Supported (Bar Mitzvah)"
"65821","4.3","Medium","10.10.10.11","tcp","8172","SSL RC4 Cipher Suites Supported (Bar Mitzvah)"
"65821","4.3","Medium","10.10.10.11","tcp","9933","SSL RC4 Cipher Suites Supported (Bar Mitzvah)"
"65821","4.3","Medium","10.10.10.11","tcp","9933","SSL RC4 Cipher Suites Supported (Bar Mitzvah)"
"78447","4.3","Medium","10.10.10.11","tcp","445","MS KB3009008: Vulnerability in SSL 3.0 Could Allow Information Disclosure (POODLE)"
"78479","4.3","Medium","10.10.10.11","tcp","143","SSLv3 Padding Oracle On Downgraded Legacy Encryption Vulnerability (POODLE)"
"78479","4.3","Medium","10.10.10.11","tcp","443","SSLv3 Padding Oracle On Downgraded Legacy Encryption Vulnerability (POODLE)"
"78479","4.3","Medium","10.10.10.11","tcp","444","SSLv3 Padding Oracle On Downgraded Legacy Encryption Vulnerability (POODLE)"
"78479","4.3","Medium","10.10.10.11","tcp","465","SSLv3 Padding Oracle On Downgraded Legacy Encryption Vulnerability (POODLE)"
"78479","4.3","Medium","10.10.10.11","tcp","587","SSLv3 Padding Oracle On Downgraded Legacy Encryption Vulnerability (POODLE)"
"78479","4.3","Medium","10.10.10.11","tcp","717","SSLv3 Padding Oracle On Downgraded Legacy Encryption Vulnerability (POODLE)"
"78479","4.3","Medium","10.10.10.11","tcp","993","SSLv3 Padding Oracle On Downgraded Legacy Encryption Vulnerability (POODLE)"
"78479","4.3","Medium","10.10.10.11","tcp","2525","SSLv3 Padding Oracle On Downgraded Legacy Encryption Vulnerability (POODLE)"
"78479","4.3","Medium","10.10.10.11","tcp","8172","SSLv3 Padding Oracle On Downgraded Legacy Encryption Vulnerability (POODLE)"
"78479","4.3","Medium","10.10.10.11","tcp","9933","SSLv3 Padding Oracle On Downgraded Legacy Encryption Vulnerability (POODLE)"
"81264","8.3","High","10.10.10.11","tcp","445","MS15-011: Vulnerability in Group Policy Could Allow Remote Code Execution (3000483)"
"93940","7.8","High","10.10.10.11","tcp","445","Wireshark 2.2.x < 2.2.1 Multiple DoS"
"104743","6.1","Medium","10.10.10.11","tcp","143","TLS Version 1.0 Protocol Detection"
"104743","6.1","Medium","10.10.10.11","tcp","443","TLS Version 1.0 Protocol Detection"
"104743","6.1","Medium","10.10.10.11","tcp","444","TLS Version 1.0 Protocol Detection"
"104743","6.1","Medium","10.10.10.11","tcp","465","TLS Version 1.0 Protocol Detection"
"104743","6.1","Medium","10.10.10.11","tcp","587","TLS Version 1.0 Protocol Detection"
"104743","6.1","Medium","10.10.10.11","tcp","717","TLS Version 1.0 Protocol Detection"
"104743","6.1","Medium","10.10.10.11","tcp","993","TLS Version 1.0 Protocol Detection"
"104743","6.1","Medium","10.10.10.11","tcp","2525","TLS Version 1.0 Protocol Detection"
"104743","6.1","Medium","10.10.10.11","tcp","3389","TLS Version 1.0 Protocol Detection"
"104743","6.1","Medium","10.10.10.11","tcp","8172","TLS Version 1.0 Protocol Detection"
"104743","6.1","Medium","10.10.10.11","tcp","9933","TLS Version 1.0 Protocol Detection"
"117339","5.0","Medium","10.10.10.11","tcp","445","Wireshark 2.2.x < 2.2.17 / 2.4.x < 2.4.9 / 2.6.x < 2.6.3 Multiple Vulnerabilities"
"117339","5.0","Medium","10.10.10.11","tcp","445","Wireshark 2.2.x < 2.2.17 / 2.4.x < 2.4.9 / 2.6.x < 2.6.3 Multiple Vulnerabilities"
"117339","5.0","Medium","10.10.10.11","tcp","445","Wireshark 2.2.x < 2.2.17 / 2.4.x < 2.4.9 / 2.6.x < 2.6.3 Multiple Vulnerabilities"
"132101","5.4","Medium","10.10.10.11","tcp","445","Windows Speculative Execution Configuration Check"
"132101","5.4","Medium","10.10.10.11","tcp","445","Windows Speculative Execution Configuration Check"
"132101","5.4","Medium","10.10.10.11","tcp","445","Windows Speculative Execution Configuration Check"
"132101","5.4","Medium","10.10.10.11","tcp","445","Windows Speculative Execution Configuration Check"
"132101","5.4","Medium","10.10.10.11","tcp","445","Windows Speculative Execution Configuration Check"
"132101","5.4","Medium","10.10.10.11","tcp","445","Windows Speculative Execution Configuration Check"
"132101","5.4","Medium","10.10.10.11","tcp","445","Windows Speculative Execution Configuration Check"
"132101","5.4","Medium","10.10.10.11","tcp","445","Windows Speculative Execution Configuration Check"
"132101","5.4","Medium","10.10.10.11","tcp","445","Windows Speculative Execution Configuration Check"
"132101","5.4","Medium","10.10.10.11","tcp","445","Windows Speculative Execution Configuration Check"
"132101","5.4","Medium","10.10.10.11","tcp","445","Windows Speculative Execution Configuration Check"
"134204","4.3","Medium","10.10.10.11","tcp","445","MS15-124: Cumulative Security Update for Internet Explorer (CVE-2015-6161) (3125869)"
"144450","4.6","Medium","10.10.10.11","tcp","445","McAfee VirusScan Enterprise < 8.8 Patch 16 Access Control Bypass Vulnerability (SB10338)"
"42873","5.0","Medium","10.10.10.12","tcp","1433","SSL Medium Strength Cipher Suites Supported (SWEET32)"
"42873","5.0","Medium","10.10.10.12","tcp","3389","SSL Medium Strength Cipher Suites Supported (SWEET32)"
"45411","5.0","Medium","10.10.10.12","tcp","1433","SSL Certificate with Wrong Hostname"
"51192","6.4","Medium","10.10.10.12","tcp","1433","SSL Certificate Cannot Be Trusted"
"51192","6.4","Medium","10.10.10.12","tcp","3389","SSL Certificate Cannot Be Trusted"
"57582","6.4","Medium","10.10.10.12","tcp","1433","SSL Self-Signed Certificate"
"57582","6.4","Medium","10.10.10.12","tcp","3389","SSL Self-Signed Certificate"
"57608","5.0","Medium","10.10.10.12","tcp","445","SMB Signing not required"
"104743","6.1","Medium","10.10.10.12","tcp","1433","TLS Version 1.0 Protocol Detection"
"104743","6.1","Medium","10.10.10.12","tcp","3389","TLS Version 1.0 Protocol Detection"
"132101","5.4","Medium","10.10.10.12","tcp","445","Windows Speculative Execution Configuration Check"
"132101","5.4","Medium","10.10.10.12","tcp","445","Windows Speculative Execution Configuration Check"
"132101","5.4","Medium","10.10.10.12","tcp","445","Windows Speculative Execution Configuration Check"
"132101","5.4","Medium","10.10.10.12","tcp","445","Windows Speculative Execution Configuration Check"
"132101","5.4","Medium","10.10.10.12","tcp","445","Windows Speculative Execution Configuration Check"
"132101","5.4","Medium","10.10.10.12","tcp","445","Windows Speculative Execution Configuration Check"
"132101","5.4","Medium","10.10.10.12","tcp","445","Windows Speculative Execution Configuration Check"
"132101","5.4","Medium","10.10.10.12","tcp","445","Windows Speculative Execution Configuration Check"
"132101","5.4","Medium","10.10.10.12","tcp","445","Windows Speculative Execution Configuration Check"
"132101","5.4","Medium","10.10.10.12","tcp","445","Windows Speculative Execution Configuration Check"
"132101","5.4","Medium","10.10.10.12","tcp","445","Windows Speculative Execution Configuration Check"
"139584","2.1","Low","10.10.10.12","tcp","0","Security Updates for SQL Server Management Studio (August 2020)"
"154956","10.0","Critical","10.10.10.12","tcp","0","Microsoft Windows Server Version 1809 Unsupported Version Detection"
"42873","5.0","Medium","10.10.10.13","tcp","3389","SSL Medium Strength Cipher Suites Supported (SWEET32)"
"51192","6.4","Medium","10.10.10.13","tcp","3389","SSL Certificate Cannot Be Trusted"
"57582","6.4","Medium","10.10.10.13","tcp","3389","SSL Self-Signed Certificate"
"57608","5.0","Medium","10.10.10.13","tcp","445","SMB Signing not required"
"65821","4.3","Medium","10.10.10.13","tcp","3389","SSL RC4 Cipher Suites Supported (Bar Mitzvah)"
"65821","4.3","Medium","10.10.10.13","tcp","3389","SSL RC4 Cipher Suites Supported (Bar Mitzvah)"
"78447","4.3","Medium","10.10.10.13","tcp","445","MS KB3009008: Vulnerability in SSL 3.0 Could Allow Information Disclosure (POODLE)"
"81264","8.3","High","10.10.10.13","tcp","445","MS15-011: Vulnerability in Group Policy Could Allow Remote Code Execution (3000483)"
"104743","6.1","Medium","10.10.10.13","tcp","3389","TLS Version 1.0 Protocol Detection"
"132101","5.4","Medium","10.10.10.13","tcp","445","Windows Speculative Execution Configuration Check"
"132101","5.4","Medium","10.10.10.13","tcp","445","Windows Speculative Execution Configuration Check"
"132101","5.4","Medium","10.10.10.13","tcp","445","Windows Speculative Execution Configuration Check"
"132101","5.4","Medium","10.10.10.13","tcp","445","Windows Speculative Execution Configuration Check"
"132101","5.4","Medium","10.10.10.13","tcp","445","Windows Speculative Execution Configuration Check"
"132101","5.4","Medium","10.10.10.13","tcp","445","Windows Speculative Execution Configuration Check"
"132101","5.4","Medium","10.10.10.13","tcp","445","Windows Speculative Execution Configuration Check"
"132101","5.4","Medium","10.10.10.13","tcp","445","Windows Speculative Execution Configuration Check"
"132101","5.4","Medium","10.10.10.13","tcp","445","Windows Speculative Execution Configuration Check"
"132101","5.4","Medium","10.10.10.13","tcp","445","Windows Speculative Execution Configuration Check"
"132101","5.4","Medium","10.10.10.13","tcp","445","Windows Speculative Execution Configuration Check"
"134204","4.3","Medium","10.10.10.13","tcp","445","MS15-124: Cumulative Security Update for Internet Explorer (CVE-2015-6161) (3125869)"
"57608","5.0","Medium","10.10.10.136","tcp","445","SMB Signing not required"
"51192","6.4","Medium","10.10.10.137","tcp","443","SSL Certificate Cannot Be Trusted"
"57582","6.4","Medium","10.10.10.137","tcp","443","SSL Self-Signed Certificate"
"104743","6.1","Medium","10.10.10.137","tcp","443","TLS Version 1.0 Protocol Detection"
"152780","5.8","Medium","10.10.10.137","tcp","80","OpenSSL 1.0.2 < 1.0.2za Vulnerability"
"152780","5.8","Medium","10.10.10.137","tcp","443","OpenSSL 1.0.2 < 1.0.2za Vulnerability"
"51192","6.4","Medium","10.10.10.138","tcp","443","SSL Certificate Cannot Be Trusted"
"57582","6.4","Medium","10.10.10.138","tcp","443","SSL Self-Signed Certificate"
"104743","6.1","Medium","10.10.10.138","tcp","443","TLS Version 1.0 Protocol Detection"
"152780","5.8","Medium","10.10.10.138","tcp","80","OpenSSL 1.0.2 < 1.0.2za Vulnerability"
"152780","5.8","Medium","10.10.10.138","tcp","443","OpenSSL 1.0.2 < 1.0.2za Vulnerability"
"41028","7.5","High","10.10.10.147","udp","161","SNMP Agent Default Community Name (public)"
"50686","5.8","Medium","10.10.10.147","tcp","0","IP Forwarding Enabled"
"76474","5.0","Medium","10.10.10.147","udp","161","SNMP 'GETBULK' Reflection DDoS"
"57608","5.0","Medium","10.10.10.149","tcp","445","SMB Signing not required"
"63155","6.9","Medium","10.10.10.149","tcp","445","Microsoft Windows Unquoted Service Path Enumeration"
"63155","6.9","Medium","10.10.10.149","tcp","445","Microsoft Windows Unquoted Service Path Enumeration"
"63155","6.9","Medium","10.10.10.149","tcp","445","Microsoft Windows Unquoted Service Path Enumeration"
"65057","7.2","High","10.10.10.149","tcp","445","Insecure Windows Service Permissions"
"41028","7.5","High","10.10.10.152","udp","161","SNMP Agent Default Community Name (public)"
"42263","5.8","Medium","10.10.10.152","tcp","23","Unencrypted Telnet Server"
"76474","5.0","Medium","10.10.10.152","udp","161","SNMP 'GETBULK' Reflection DDoS"
"57608","5.0","Medium","10.10.10.153","tcp","445","SMB Signing not required"
"63155","6.9","Medium","10.10.10.153","tcp","445","Microsoft Windows Unquoted Service Path Enumeration"
"63155","6.9","Medium","10.10.10.153","tcp","445","Microsoft Windows Unquoted Service Path Enumeration"
"63155","6.9","Medium","10.10.10.153","tcp","445","Microsoft Windows Unquoted Service Path Enumeration"
"65057","7.2","High","10.10.10.153","tcp","445","Insecure Windows Service Permissions"
"57608","5.0","Medium","10.10.10.157","tcp","445","SMB Signing not required"
"63155","6.9","Medium","10.10.10.157","tcp","445","Microsoft Windows Unquoted Service Path Enumeration"
"63155","6.9","Medium","10.10.10.157","tcp","445","Microsoft Windows Unquoted Service Path Enumeration"
"63155","6.9","Medium","10.10.10.157","tcp","445","Microsoft Windows Unquoted Service Path Enumeration"
"65057","7.2","High","10.10.10.157","tcp","445","Insecure Windows Service Permissions"
"57608","5.0","Medium","10.10.10.168","tcp","445","SMB Signing not required"
"57608","5.0","Medium","10.10.10.173","tcp","445","SMB Signing not required"
"57608","5.0","Medium","10.10.10.179","tcp","445","SMB Signing not required"
"57608","5.0","Medium","10.10.10.185","tcp","445","SMB Signing not required"
"57608","5.0","Medium","10.10.10.186","tcp","445","SMB Signing not required"
"18405","5.1","Medium","10.10.10.199","tcp","3389","Microsoft Windows Remote Desktop Protocol Server Man-in-the-Middle Weakness"
"30218","2.6","Low","10.10.10.199","tcp","3389","Terminal Services Encryption Level is not FIPS-140 Compliant"
"51192","6.4","Medium","10.10.10.199","tcp","7070","SSL Certificate Cannot Be Trusted"
"57582","6.4","Medium","10.10.10.199","tcp","7070","SSL Self-Signed Certificate"
"57690","4.3","Medium","10.10.10.199","tcp","3389","Terminal Services Encryption Level is Medium or Low"
"125313","10.0","Critical","10.10.10.199","tcp","3389","Microsoft RDP RCE (CVE-2019-0708) (BlueKeep) (uncredentialed check)"
"15901","5.0","Medium","10.10.10.2","tcp","465","SSL Certificate Expiry"
"31705","2.6","Low","10.10.10.2","tcp","465","SSL Anonymous Cipher Suites Supported"
"35291","5.0","Medium","10.10.10.2","tcp","4444","SSL Certificate Signed Using Weak Hashing Algorithm"
"45411","5.0","Medium","10.10.10.2","tcp","465","SSL Certificate with Wrong Hostname"
"51192","6.4","Medium","10.10.10.2","tcp","465","SSL Certificate Cannot Be Trusted"
"51192","6.4","Medium","10.10.10.2","tcp","4444","SSL Certificate Cannot Be Trusted"
"57582","6.4","Medium","10.10.10.2","tcp","4444","SSL Self-Signed Certificate"
"10663","3.3","Low","10.10.10.20","udp","67","DHCP Server Detection"
"35372","5.0","Medium","10.10.10.20","udp","53","DNS Server Dynamic Update Record Injection"
"42873","5.0","Medium","10.10.10.20","tcp","3389","SSL Medium Strength Cipher Suites Supported (SWEET32)"
"51192","6.4","Medium","10.10.10.20","tcp","3389","SSL Certificate Cannot Be Trusted"
"57582","6.4","Medium","10.10.10.20","tcp","3389","SSL Self-Signed Certificate"
"63478","6.8","Medium","10.10.10.20","tcp","445","Microsoft Windows LM / NTLMv1 Authentication Enabled"
"104743","6.1","Medium","10.10.10.20","tcp","3389","TLS Version 1.0 Protocol Detection"
"132101","5.4","Medium","10.10.10.20","tcp","445","Windows Speculative Execution Configuration Check"
"132101","5.4","Medium","10.10.10.20","tcp","445","Windows Speculative Execution Configuration Check"
"132101","5.4","Medium","10.10.10.20","tcp","445","Windows Speculative Execution Configuration Check"
"132101","5.4","Medium","10.10.10.20","tcp","445","Windows Speculative Execution Configuration Check"
"132101","5.4","Medium","10.10.10.20","tcp","445","Windows Speculative Execution Configuration Check"
"132101","5.4","Medium","10.10.10.20","tcp","445","Windows Speculative Execution Configuration Check"
"132101","5.4","Medium","10.10.10.20","tcp","445","Windows Speculative Execution Configuration Check"
"132101","5.4","Medium","10.10.10.20","tcp","445","Windows Speculative Execution Configuration Check"
"132101","5.4","Medium","10.10.10.20","tcp","445","Windows Speculative Execution Configuration Check"
"132101","5.4","Medium","10.10.10.20","tcp","445","Windows Speculative Execution Configuration Check"
"132101","5.4","Medium","10.10.10.20","tcp","445","Windows Speculative Execution Configuration Check"
"154956","10.0","Critical","10.10.10.20","tcp","0","Microsoft Windows Server Version 1809 Unsupported Version Detection"
"57608","5.0","Medium","10.10.10.200","tcp","445","SMB Signing not required"
"57608","5.0","Medium","10.10.10.208","tcp","445","SMB Signing not required"
"57608","5.0","Medium","10.10.10.210","tcp","445","SMB Signing not required"
"63155","6.9","Medium","10.10.10.210","tcp","445","Microsoft Windows Unquoted Service Path Enumeration"
"63155","6.9","Medium","10.10.10.210","tcp","445","Microsoft Windows Unquoted Service Path Enumeration"
"63155","6.9","Medium","10.10.10.210","tcp","445","Microsoft Windows Unquoted Service Path Enumeration"
"57608","5.0","Medium","10.10.10.215","tcp","445","SMB Signing not required"
"57608","5.0","Medium","10.10.10.218","tcp","445","SMB Signing not required"
"57608","5.0","Medium","10.10.10.220","tcp","445","SMB Signing not required"
"57608","5.0","Medium","10.10.10.222","tcp","445","SMB Signing not required"
"57608","5.0","Medium","10.10.10.225","tcp","445","SMB Signing not required"
"63155","6.9","Medium","10.10.10.225","tcp","445","Microsoft Windows Unquoted Service Path Enumeration"
"63155","6.9","Medium","10.10.10.225","tcp","445","Microsoft Windows Unquoted Service Path Enumeration"
"63155","6.9","Medium","10.10.10.225","tcp","445","Microsoft Windows Unquoted Service Path Enumeration"
"65057","7.2","High","10.10.10.225","tcp","445","Insecure Windows Service Permissions"
"71049","2.6","Low","10.10.10.231","tcp","22","SSH Weak MAC Algorithms Enabled"
"153953","2.6","Low","10.10.10.231","tcp","22","SSH Weak Key Exchange Algorithms Enabled"
"71049","2.6","Low","10.10.10.232","tcp","22","SSH Weak MAC Algorithms Enabled"
"153953","2.6","Low","10.10.10.232","tcp","22","SSH Weak Key Exchange Algorithms Enabled"
"71049","2.6","Low","10.10.10.233","tcp","22","SSH Weak MAC Algorithms Enabled"
"153953","2.6","Low","10.10.10.233","tcp","22","SSH Weak Key Exchange Algorithms Enabled"
"11213","5.0","Medium","10.10.10.24","tcp","6160","HTTP TRACE / TRACK Methods Allowed"
"11213","5.0","Medium","10.10.10.24","tcp","6160","HTTP TRACE / TRACK Methods Allowed"
"11213","5.0","Medium","10.10.10.24","tcp","6160","HTTP TRACE / TRACK Methods Allowed"
"12085","5.0","Medium","10.10.10.24","tcp","8080","Apache Tomcat Default Files"
"12085","5.0","Medium","10.10.10.24","tcp","8443","Apache Tomcat Default Files"
"12085","5.0","Medium","10.10.10.24","tcp","8880","Apache Tomcat Default Files"
"40435","7.6","High","10.10.10.24","tcp","445","MS09-035: Vulnerabilities in Visual Studio Active Template Library Could Allow Remote Code Execution (969706)"
"40435","7.6","High","10.10.10.24","tcp","445","MS09-035: Vulnerabilities in Visual Studio Active Template Library Could Allow Remote Code Execution (969706)"
"40435","7.6","High","10.10.10.24","tcp","445","MS09-035: Vulnerabilities in Visual Studio Active Template Library Could Allow Remote Code Execution (969706)"
"42873","5.0","Medium","10.10.10.24","tcp","3389","SSL Medium Strength Cipher Suites Supported (SWEET32)"
"51192","6.4","Medium","10.10.10.24","tcp","3389","SSL Certificate Cannot Be Trusted"
"51192","6.4","Medium","10.10.10.24","tcp","8443","SSL Certificate Cannot Be Trusted"
"57582","6.4","Medium","10.10.10.24","tcp","3389","SSL Self-Signed Certificate"
"57582","6.4","Medium","10.10.10.24","tcp","8443","SSL Self-Signed Certificate"
"57608","5.0","Medium","10.10.10.24","tcp","445","SMB Signing not required"
"65821","4.3","Medium","10.10.10.24","tcp","3389","SSL RC4 Cipher Suites Supported (Bar Mitzvah)"
"65821","4.3","Medium","10.10.10.24","tcp","3389","SSL RC4 Cipher Suites Supported (Bar Mitzvah)"
"78447","4.3","Medium","10.10.10.24","tcp","445","MS KB3009008: Vulnerability in SSL 3.0 Could Allow Information Disclosure (POODLE)"
"81264","8.3","High","10.10.10.24","tcp","445","MS15-011: Vulnerability in Group Policy Could Allow Remote Code Execution (3000483)"
"104743","6.1","Medium","10.10.10.24","tcp","3389","TLS Version 1.0 Protocol Detection"
"132101","5.4","Medium","10.10.10.24","tcp","445","Windows Speculative Execution Configuration Check"
"132101","5.4","Medium","10.10.10.24","tcp","445","Windows Speculative Execution Configuration Check"
"132101","5.4","Medium","10.10.10.24","tcp","445","Windows Speculative Execution Configuration Check"
"132101","5.4","Medium","10.10.10.24","tcp","445","Windows Speculative Execution Configuration Check"
"132101","5.4","Medium","10.10.10.24","tcp","445","Windows Speculative Execution Configuration Check"
"132101","5.4","Medium","10.10.10.24","tcp","445","Windows Speculative Execution Configuration Check"
"132101","5.4","Medium","10.10.10.24","tcp","445","Windows Speculative Execution Configuration Check"
"132101","5.4","Medium","10.10.10.24","tcp","445","Windows Speculative Execution Configuration Check"
"132101","5.4","Medium","10.10.10.24","tcp","445","Windows Speculative Execution Configuration Check"
"132101","5.4","Medium","10.10.10.24","tcp","445","Windows Speculative Execution Configuration Check"
"132101","5.4","Medium","10.10.10.24","tcp","445","Windows Speculative Execution Configuration Check"
"134204","4.3","Medium","10.10.10.24","tcp","445","MS15-124: Cumulative Security Update for Internet Explorer (CVE-2015-6161) (3125869)"
"144450","4.6","Medium","10.10.10.24","tcp","445","McAfee VirusScan Enterprise < 8.8 Patch 16 Access Control Bypass Vulnerability (SB10338)"
"147163","4.4","Medium","10.10.10.24","tcp","8080","Apache Tomcat 7.0.0 < 7.0.108 RCE"
"147163","4.4","Medium","10.10.10.24","tcp","8443","Apache Tomcat 7.0.0 < 7.0.108 RCE"
"147163","4.4","Medium","10.10.10.24","tcp","8880","Apache Tomcat 7.0.0 < 7.0.108 RCE"
"148405","4.3","Medium","10.10.10.24","tcp","8080","Apache Tomcat 7.0.0 < 7.0.107 Information Disclosure"
"148405","4.3","Medium","10.10.10.24","tcp","8443","Apache Tomcat 7.0.0 < 7.0.107 Information Disclosure"
"148405","4.3","Medium","10.10.10.24","tcp","8880","Apache Tomcat 7.0.0 < 7.0.107 Information Disclosure"
"154344","7.5","High","10.10.10.24","tcp","445","Oracle Java SE 1.7.0_321 / 1.8.0_311 / 1.11.0_13 / 1.17.0_1 Multiple Vulnerabilities (October 2021 CPU)"
"154344","7.5","High","10.10.10.24","tcp","445","Oracle Java SE 1.7.0_321 / 1.8.0_311 / 1.11.0_13 / 1.17.0_1 Multiple Vulnerabilities (October 2021 CPU)"
"154344","7.5","High","10.10.10.24","tcp","445","Oracle Java SE 1.7.0_321 / 1.8.0_311 / 1.11.0_13 / 1.17.0_1 Multiple Vulnerabilities (October 2021 CPU)"
"154344","7.5","High","10.10.10.24","tcp","445","Oracle Java SE 1.7.0_321 / 1.8.0_311 / 1.11.0_13 / 1.17.0_1 Multiple Vulnerabilities (October 2021 CPU)"
"154344","7.5","High","10.10.10.24","tcp","445","Oracle Java SE 1.7.0_321 / 1.8.0_311 / 1.11.0_13 / 1.17.0_1 Multiple Vulnerabilities (October 2021 CPU)"
"154344","7.5","High","10.10.10.24","tcp","445","Oracle Java SE 1.7.0_321 / 1.8.0_311 / 1.11.0_13 / 1.17.0_1 Multiple Vulnerabilities (October 2021 CPU)"
"154344","7.5","High","10.10.10.24","tcp","445","Oracle Java SE 1.7.0_321 / 1.8.0_311 / 1.11.0_13 / 1.17.0_1 Multiple Vulnerabilities (October 2021 CPU)"
"154344","7.5","High","10.10.10.24","tcp","445","Oracle Java SE 1.7.0_321 / 1.8.0_311 / 1.11.0_13 / 1.17.0_1 Multiple Vulnerabilities (October 2021 CPU)"
"154344","7.5","High","10.10.10.24","tcp","445","Oracle Java SE 1.7.0_321 / 1.8.0_311 / 1.11.0_13 / 1.17.0_1 Multiple Vulnerabilities (October 2021 CPU)"
"154344","7.5","High","10.10.10.24","tcp","445","Oracle Java SE 1.7.0_321 / 1.8.0_311 / 1.11.0_13 / 1.17.0_1 Multiple Vulnerabilities (October 2021 CPU)"
"154344","7.5","High","10.10.10.24","tcp","445","Oracle Java SE 1.7.0_321 / 1.8.0_311 / 1.11.0_13 / 1.17.0_1 Multiple Vulnerabilities (October 2021 CPU)"
"154344","7.5","High","10.10.10.24","tcp","445","Oracle Java SE 1.7.0_321 / 1.8.0_311 / 1.11.0_13 / 1.17.0_1 Multiple Vulnerabilities (October 2021 CPU)"
"154344","7.5","High","10.10.10.24","tcp","445","Oracle Java SE 1.7.0_321 / 1.8.0_311 / 1.11.0_13 / 1.17.0_1 Multiple Vulnerabilities (October 2021 CPU)"
"154344","7.5","High","10.10.10.24","tcp","445","Oracle Java SE 1.7.0_321 / 1.8.0_311 / 1.11.0_13 / 1.17.0_1 Multiple Vulnerabilities (October 2021 CPU)"
"57608","5.0","Medium","10.10.10.242","tcp","445","SMB Signing not required"
"57608","5.0","Medium","10.10.10.248","tcp","445","SMB Signing not required"
"41028","7.5","High","10.10.10.251","udp","161","SNMP Agent Default Community Name (public)"
"42263","5.8","Medium","10.10.10.251","tcp","23","Unencrypted Telnet Server"
"76474","5.0","Medium","10.10.10.251","udp","161","SNMP 'GETBULK' Reflection DDoS"
"136929","4.3","Medium","10.10.10.251","tcp","80","JQuery 1.2 < 3.5.0 Multiple XSS"
"136929","4.3","Medium","10.10.10.251","tcp","80","JQuery 1.2 < 3.5.0 Multiple XSS"
"57608","5.0","Medium","10.10.10.254","tcp","445","SMB Signing not required"
"63155","6.9","Medium","10.10.10.254","tcp","445","Microsoft Windows Unquoted Service Path Enumeration"
"63155","6.9","Medium","10.10.10.254","tcp","445","Microsoft Windows Unquoted Service Path Enumeration"
"63155","6.9","Medium","10.10.10.254","tcp","445","Microsoft Windows Unquoted Service Path Enumeration"
"65057","7.2","High","10.10.10.254","tcp","445","Insecure Windows Service Permissions"
"35372","5.0","Medium","10.10.10.40","udp","53","DNS Server Dynamic Update Record Injection"
"42873","5.0","Medium","10.10.10.40","tcp","3389","SSL Medium Strength Cipher Suites Supported (SWEET32)"
"51192","6.4","Medium","10.10.10.40","tcp","3389","SSL Certificate Cannot Be Trusted"
"57582","6.4","Medium","10.10.10.40","tcp","3389","SSL Self-Signed Certificate"
"63478","6.8","Medium","10.10.10.40","tcp","445","Microsoft Windows LM / NTLMv1 Authentication Enabled"
"104743","6.1","Medium","10.10.10.40","tcp","3389","TLS Version 1.0 Protocol Detection"
"132101","5.4","Medium","10.10.10.40","tcp","445","Windows Speculative Execution Configuration Check"
"132101","5.4","Medium","10.10.10.40","tcp","445","Windows Speculative Execution Configuration Check"
"132101","5.4","Medium","10.10.10.40","tcp","445","Windows Speculative Execution Configuration Check"
"132101","5.4","Medium","10.10.10.40","tcp","445","Windows Speculative Execution Configuration Check"
"132101","5.4","Medium","10.10.10.40","tcp","445","Windows Speculative Execution Configuration Check"
"132101","5.4","Medium","10.10.10.40","tcp","445","Windows Speculative Execution Configuration Check"
"132101","5.4","Medium","10.10.10.40","tcp","445","Windows Speculative Execution Configuration Check"
"132101","5.4","Medium","10.10.10.40","tcp","445","Windows Speculative Execution Configuration Check"
"132101","5.4","Medium","10.10.10.40","tcp","445","Windows Speculative Execution Configuration Check"
"132101","5.4","Medium","10.10.10.40","tcp","445","Windows Speculative Execution Configuration Check"
"132101","5.4","Medium","10.10.10.40","tcp","445","Windows Speculative Execution Configuration Check"
"154956","10.0","Critical","10.10.10.40","tcp","0","Microsoft Windows Server Version 1809 Unsupported Version Detection"
"41028","7.5","High","10.10.10.42","udp","161","SNMP Agent Default Community Name (public)"
"51192","6.4","Medium","10.10.10.42","tcp","443","SSL Certificate Cannot Be Trusted"
"51192","6.4","Medium","10.10.10.42","tcp","5900","SSL Certificate Cannot Be Trusted"
"57582","6.4","Medium","10.10.10.42","tcp","443","SSL Self-Signed Certificate"
"57582","6.4","Medium","10.10.10.42","tcp","5900","SSL Self-Signed Certificate"
"139206","4.0","Medium","10.10.10.42","tcp","443","Dell iDRAC9 Directory Traversal (DSA-2020-128)"
"144756","4.3","Medium","10.10.10.42","tcp","443","Dell iDRAC XSS (DSA-2020-268)"
"148955","3.5","Low","10.10.10.42","tcp","443","Dell iDRAC XSS (DSA-2021-073)"
"148956","5.5","Medium","10.10.10.42","tcp","443","Dell iDRAC Multiple Vulnerabilities (DSA-2021-073)"
"148956","5.5","Medium","10.10.10.42","tcp","443","Dell iDRAC Multiple Vulnerabilities (DSA-2021-073)"
"148956","5.5","Medium","10.10.10.42","tcp","443","Dell iDRAC Multiple Vulnerabilities (DSA-2021-073)"
"148956","5.5","Medium","10.10.10.42","tcp","443","Dell iDRAC Multiple Vulnerabilities (DSA-2021-073)"
"148956","5.5","Medium","10.10.10.42","tcp","443","Dell iDRAC Multiple Vulnerabilities (DSA-2021-073)"
"42873","5.0","Medium","10.10.10.44","tcp","3389","SSL Medium Strength Cipher Suites Supported (SWEET32)"
"51192","6.4","Medium","10.10.10.44","tcp","3389","SSL Certificate Cannot Be Trusted"
"57582","6.4","Medium","10.10.10.44","tcp","3389","SSL Self-Signed Certificate"
"57608","5.0","Medium","10.10.10.44","tcp","445","SMB Signing not required"
"104743","6.1","Medium","10.10.10.44","tcp","3389","TLS Version 1.0 Protocol Detection"
"132101","5.4","Medium","10.10.10.44","tcp","445","Windows Speculative Execution Configuration Check"
"132101","5.4","Medium","10.10.10.44","tcp","445","Windows Speculative Execution Configuration Check"
"132101","5.4","Medium","10.10.10.44","tcp","445","Windows Speculative Execution Configuration Check"
"132101","5.4","Medium","10.10.10.44","tcp","445","Windows Speculative Execution Configuration Check"
"132101","5.4","Medium","10.10.10.44","tcp","445","Windows Speculative Execution Configuration Check"
"132101","5.4","Medium","10.10.10.44","tcp","445","Windows Speculative Execution Configuration Check"
"132101","5.4","Medium","10.10.10.44","tcp","445","Windows Speculative Execution Configuration Check"
"132101","5.4","Medium","10.10.10.44","tcp","445","Windows Speculative Execution Configuration Check"
"132101","5.4","Medium","10.10.10.44","tcp","445","Windows Speculative Execution Configuration Check"
"132101","5.4","Medium","10.10.10.44","tcp","445","Windows Speculative Execution Configuration Check"
"132101","5.4","Medium","10.10.10.44","tcp","445","Windows Speculative Execution Configuration Check"
"154956","10.0","Critical","10.10.10.44","tcp","0","Microsoft Windows Server Version 1809 Unsupported Version Detection"
"48762","9.3","High","10.10.10.45","tcp","445","MS KB2269637: Insecure Library Loading Could Allow Remote Code Execution"
"57608","5.0","Medium","10.10.10.45","tcp","445","SMB Signing not required"
"64784","10.0","Critical","10.10.10.45","tcp","445","Microsoft SQL Server Unsupported Version Detection"
"78447","4.3","Medium","10.10.10.45","tcp","445","MS KB3009008: Vulnerability in SSL 3.0 Could Allow Information Disclosure (POODLE)"
"81264","8.3","High","10.10.10.45","tcp","445","MS15-011: Vulnerability in Group Policy Could Allow Remote Code Execution (3000483)"
"105613","4.7","Medium","10.10.10.45","tcp","445","ADV180002: Microsoft SQL Server January 2018 Security Update (Meltdown) (Spectre)"
"105613","4.7","Medium","10.10.10.45","tcp","445","ADV180002: Microsoft SQL Server January 2018 Security Update (Meltdown) (Spectre)"
"105613","4.7","Medium","10.10.10.45","tcp","445","ADV180002: Microsoft SQL Server January 2018 Security Update (Meltdown) (Spectre)"
"108797","10.0","Critical","10.10.10.45","tcp","0","Unsupported Windows OS (remote)"
"122615","10.0","Critical","10.10.10.45","tcp","0","Microsoft Windows 7 / Server 2008 R2 Unsupported Version Detection"
"132101","5.4","Medium","10.10.10.45","tcp","445","Windows Speculative Execution Configuration Check"
"132101","5.4","Medium","10.10.10.45","tcp","445","Windows Speculative Execution Configuration Check"
"132101","5.4","Medium","10.10.10.45","tcp","445","Windows Speculative Execution Configuration Check"
"132101","5.4","Medium","10.10.10.45","tcp","445","Windows Speculative Execution Configuration Check"
"132101","5.4","Medium","10.10.10.45","tcp","445","Windows Speculative Execution Configuration Check"
"132101","5.4","Medium","10.10.10.45","tcp","445","Windows Speculative Execution Configuration Check"
"132101","5.4","Medium","10.10.10.45","tcp","445","Windows Speculative Execution Configuration Check"
"132101","5.4","Medium","10.10.10.45","tcp","445","Windows Speculative Execution Configuration Check"
"132101","5.4","Medium","10.10.10.45","tcp","445","Windows Speculative Execution Configuration Check"
"132101","5.4","Medium","10.10.10.45","tcp","445","Windows Speculative Execution Configuration Check"
"132101","5.4","Medium","10.10.10.45","tcp","445","Windows Speculative Execution Configuration Check"
"134204","4.3","Medium","10.10.10.45","tcp","445","MS15-124: Cumulative Security Update for Internet Explorer (CVE-2015-6161) (3125869)"
"134942","10.0","Critical","10.10.10.45","tcp","445","Microsoft Windows Type 1 Font Parsing Remote Code Execution Vulnerability (ADV200006)"
"139491","9.3","High","10.10.10.45","tcp","445","KB4571719: Windows 7 and Windows Server 2008 R2 August 2020 Security Update"
"139491","9.3","High","10.10.10.45","tcp","445","KB4571719: Windows 7 and Windows Server 2008 R2 August 2020 Security Update"
"139491","9.3","High","10.10.10.45","tcp","445","KB4571719: Windows 7 and Windows Server 2008 R2 August 2020 Security Update"
"139491","9.3","High","10.10.10.45","tcp","445","KB4571719: Windows 7 and Windows Server 2008 R2 August 2020 Security Update"
"139491","9.3","High","10.10.10.45","tcp","445","KB4571719: Windows 7 and Windows Server 2008 R2 August 2020 Security Update"
"139491","9.3","High","10.10.10.45","tcp","445","KB4571719: Windows 7 and Windows Server 2008 R2 August 2020 Security Update"
"139491","9.3","High","10.10.10.45","tcp","445","KB4571719: Windows 7 and Windows Server 2008 R2 August 2020 Security Update"
"139491","9.3","High","10.10.10.45","tcp","445","KB4571719: Windows 7 and Windows Server 2008 R2 August 2020 Security Update"
"139491","9.3","High","10.10.10.45","tcp","445","KB4571719: Windows 7 and Windows Server 2008 R2 August 2020 Security Update"
"139491","9.3","High","10.10.10.45","tcp","445","KB4571719: Windows 7 and Windows Server 2008 R2 August 2020 Security Update"
"139491","9.3","High","10.10.10.45","tcp","445","KB4571719: Windows 7 and Windows Server 2008 R2 August 2020 Security Update"
"139491","9.3","High","10.10.10.45","tcp","445","KB4571719: Windows 7 and Windows Server 2008 R2 August 2020 Security Update"
"139491","9.3","High","10.10.10.45","tcp","445","KB4571719: Windows 7 and Windows Server 2008 R2 August 2020 Security Update"
"139491","9.3","High","10.10.10.45","tcp","445","KB4571719: Windows 7 and Windows Server 2008 R2 August 2020 Security Update"
"139491","9.3","High","10.10.10.45","tcp","445","KB4571719: Windows 7 and Windows Server 2008 R2 August 2020 Security Update"
"139491","9.3","High","10.10.10.45","tcp","445","KB4571719: Windows 7 and Windows Server 2008 R2 August 2020 Security Update"
"139491","9.3","High","10.10.10.45","tcp","445","KB4571719: Windows 7 and Windows Server 2008 R2 August 2020 Security Update"
"139491","9.3","High","10.10.10.45","tcp","445","KB4571719: Windows 7 and Windows Server 2008 R2 August 2020 Security Update"
"139491","9.3","High","10.10.10.45","tcp","445","KB4571719: Windows 7 and Windows Server 2008 R2 August 2020 Security Update"
"139491","9.3","High","10.10.10.45","tcp","445","KB4571719: Windows 7 and Windows Server 2008 R2 August 2020 Security Update"
"139491","9.3","High","10.10.10.45","tcp","445","KB4571719: Windows 7 and Windows Server 2008 R2 August 2020 Security Update"
"139491","9.3","High","10.10.10.45","tcp","445","KB4571719: Windows 7 and Windows Server 2008 R2 August 2020 Security Update"
"139491","9.3","High","10.10.10.45","tcp","445","KB4571719: Windows 7 and Windows Server 2008 R2 August 2020 Security Update"
"139491","9.3","High","10.10.10.45","tcp","445","KB4571719: Windows 7 and Windows Server 2008 R2 August 2020 Security Update"
"139491","9.3","High","10.10.10.45","tcp","445","KB4571719: Windows 7 and Windows Server 2008 R2 August 2020 Security Update"
"139491","9.3","High","10.10.10.45","tcp","445","KB4571719: Windows 7 and Windows Server 2008 R2 August 2020 Security Update"
"139491","9.3","High","10.10.10.45","tcp","445","KB4571719: Windows 7 and Windows Server 2008 R2 August 2020 Security Update"
"139491","9.3","High","10.10.10.45","tcp","445","KB4571719: Windows 7 and Windows Server 2008 R2 August 2020 Security Update"
"139491","9.3","High","10.10.10.45","tcp","445","KB4571719: Windows 7 and Windows Server 2008 R2 August 2020 Security Update"
"139491","9.3","High","10.10.10.45","tcp","445","KB4571719: Windows 7 and Windows Server 2008 R2 August 2020 Security Update"
"139491","9.3","High","10.10.10.45","tcp","445","KB4571719: Windows 7 and Windows Server 2008 R2 August 2020 Security Update"
"139491","9.3","High","10.10.10.45","tcp","445","KB4571719: Windows 7 and Windows Server 2008 R2 August 2020 Security Update"
"139491","9.3","High","10.10.10.45","tcp","445","KB4571719: Windows 7 and Windows Server 2008 R2 August 2020 Security Update"
"139491","9.3","High","10.10.10.45","tcp","445","KB4571719: Windows 7 and Windows Server 2008 R2 August 2020 Security Update"
"139491","9.3","High","10.10.10.45","tcp","445","KB4571719: Windows 7 and Windows Server 2008 R2 August 2020 Security Update"
"139491","9.3","High","10.10.10.45","tcp","445","KB4571719: Windows 7 and Windows Server 2008 R2 August 2020 Security Update"
"139491","9.3","High","10.10.10.45","tcp","445","KB4571719: Windows 7 and Windows Server 2008 R2 August 2020 Security Update"
"139491","9.3","High","10.10.10.45","tcp","445","KB4571719: Windows 7 and Windows Server 2008 R2 August 2020 Security Update"
"139491","9.3","High","10.10.10.45","tcp","445","KB4571719: Windows 7 and Windows Server 2008 R2 August 2020 Security Update"
"139491","9.3","High","10.10.10.45","tcp","445","KB4571719: Windows 7 and Windows Server 2008 R2 August 2020 Security Update"
"139491","9.3","High","10.10.10.45","tcp","445","KB4571719: Windows 7 and Windows Server 2008 R2 August 2020 Security Update"
"139491","9.3","High","10.10.10.45","tcp","445","KB4571719: Windows 7 and Windows Server 2008 R2 August 2020 Security Update"
"139491","9.3","High","10.10.10.45","tcp","445","KB4571719: Windows 7 and Windows Server 2008 R2 August 2020 Security Update"
"139491","9.3","High","10.10.10.45","tcp","445","KB4571719: Windows 7 and Windows Server 2008 R2 August 2020 Security Update"
"139491","9.3","High","10.10.10.45","tcp","445","KB4571719: Windows 7 and Windows Server 2008 R2 August 2020 Security Update"
"139491","9.3","High","10.10.10.45","tcp","445","KB4571719: Windows 7 and Windows Server 2008 R2 August 2020 Security Update"
"139598","9.3","High","10.10.10.45","tcp","445","Security Updates for Microsoft .NET Framework (August 2020)"
"139598","9.3","High","10.10.10.45","tcp","445","Security Updates for Microsoft .NET Framework (August 2020)"
"140422","9.3","High","10.10.10.45","tcp","445","KB4577053: Windows 7 and Windows Server 2008 R2 September 2020 Security Update"
"140422","9.3","High","10.10.10.45","tcp","445","KB4577053: Windows 7 and Windows Server 2008 R2 September 2020 Security Update"
"140422","9.3","High","10.10.10.45","tcp","445","KB4577053: Windows 7 and Windows Server 2008 R2 September 2020 Security Update"
"140422","9.3","High","10.10.10.45","tcp","445","KB4577053: Windows 7 and Windows Server 2008 R2 September 2020 Security Update"
"140422","9.3","High","10.10.10.45","tcp","445","KB4577053: Windows 7 and Windows Server 2008 R2 September 2020 Security Update"
"140422","9.3","High","10.10.10.45","tcp","445","KB4577053: Windows 7 and Windows Server 2008 R2 September 2020 Security Update"
"140422","9.3","High","10.10.10.45","tcp","445","KB4577053: Windows 7 and Windows Server 2008 R2 September 2020 Security Update"
"140422","9.3","High","10.10.10.45","tcp","445","KB4577053: Windows 7 and Windows Server 2008 R2 September 2020 Security Update"
"140422","9.3","High","10.10.10.45","tcp","445","KB4577053: Windows 7 and Windows Server 2008 R2 September 2020 Security Update"
"140422","9.3","High","10.10.10.45","tcp","445","KB4577053: Windows 7 and Windows Server 2008 R2 September 2020 Security Update"
"140422","9.3","High","10.10.10.45","tcp","445","KB4577053: Windows 7 and Windows Server 2008 R2 September 2020 Security Update"
"140422","9.3","High","10.10.10.45","tcp","445","KB4577053: Windows 7 and Windows Server 2008 R2 September 2020 Security Update"
"140422","9.3","High","10.10.10.45","tcp","445","KB4577053: Windows 7 and Windows Server 2008 R2 September 2020 Security Update"
"140422","9.3","High","10.10.10.45","tcp","445","KB4577053: Windows 7 and Windows Server 2008 R2 September 2020 Security Update"
"140422","9.3","High","10.10.10.45","tcp","445","KB4577053: Windows 7 and Windows Server 2008 R2 September 2020 Security Update"
"140422","9.3","High","10.10.10.45","tcp","445","KB4577053: Windows 7 and Windows Server 2008 R2 September 2020 Security Update"
"140422","9.3","High","10.10.10.45","tcp","445","KB4577053: Windows 7 and Windows Server 2008 R2 September 2020 Security Update"
"140422","9.3","High","10.10.10.45","tcp","445","KB4577053: Windows 7 and Windows Server 2008 R2 September 2020 Security Update"
"140422","9.3","High","10.10.10.45","tcp","445","KB4577053: Windows 7 and Windows Server 2008 R2 September 2020 Security Update"
"140422","9.3","High","10.10.10.45","tcp","445","KB4577053: Windows 7 and Windows Server 2008 R2 September 2020 Security Update"
"140422","9.3","High","10.10.10.45","tcp","445","KB4577053: Windows 7 and Windows Server 2008 R2 September 2020 Security Update"
"140422","9.3","High","10.10.10.45","tcp","445","KB4577053: Windows 7 and Windows Server 2008 R2 September 2020 Security Update"
"140422","9.3","High","10.10.10.45","tcp","445","KB4577053: Windows 7 and Windows Server 2008 R2 September 2020 Security Update"
"140422","9.3","High","10.10.10.45","tcp","445","KB4577053: Windows 7 and Windows Server 2008 R2 September 2020 Security Update"
"140422","9.3","High","10.10.10.45","tcp","445","KB4577053: Windows 7 and Windows Server 2008 R2 September 2020 Security Update"
"140422","9.3","High","10.10.10.45","tcp","445","KB4577053: Windows 7 and Windows Server 2008 R2 September 2020 Security Update"
"140422","9.3","High","10.10.10.45","tcp","445","KB4577053: Windows 7 and Windows Server 2008 R2 September 2020 Security Update"
"140422","9.3","High","10.10.10.45","tcp","445","KB4577053: Windows 7 and Windows Server 2008 R2 September 2020 Security Update"
"140422","9.3","High","10.10.10.45","tcp","445","KB4577053: Windows 7 and Windows Server 2008 R2 September 2020 Security Update"
"140422","9.3","High","10.10.10.45","tcp","445","KB4577053: Windows 7 and Windows Server 2008 R2 September 2020 Security Update"
"140422","9.3","High","10.10.10.45","tcp","445","KB4577053: Windows 7 and Windows Server 2008 R2 September 2020 Security Update"
"140422","9.3","High","10.10.10.45","tcp","445","KB4577053: Windows 7 and Windows Server 2008 R2 September 2020 Security Update"
"140422","9.3","High","10.10.10.45","tcp","445","KB4577053: Windows 7 and Windows Server 2008 R2 September 2020 Security Update"
"140422","9.3","High","10.10.10.45","tcp","445","KB4577053: Windows 7 and Windows Server 2008 R2 September 2020 Security Update"
"140422","9.3","High","10.10.10.45","tcp","445","KB4577053: Windows 7 and Windows Server 2008 R2 September 2020 Security Update"
"140422","9.3","High","10.10.10.45","tcp","445","KB4577053: Windows 7 and Windows Server 2008 R2 September 2020 Security Update"
"140422","9.3","High","10.10.10.45","tcp","445","KB4577053: Windows 7 and Windows Server 2008 R2 September 2020 Security Update"
"140422","9.3","High","10.10.10.45","tcp","445","KB4577053: Windows 7 and Windows Server 2008 R2 September 2020 Security Update"
"140422","9.3","High","10.10.10.45","tcp","445","KB4577053: Windows 7 and Windows Server 2008 R2 September 2020 Security Update"
"140422","9.3","High","10.10.10.45","tcp","445","KB4577053: Windows 7 and Windows Server 2008 R2 September 2020 Security Update"
"140422","9.3","High","10.10.10.45","tcp","445","KB4577053: Windows 7 and Windows Server 2008 R2 September 2020 Security Update"
"140428","6.8","Medium","10.10.10.45","tcp","445","Security Updates for Internet Explorer (September 2020)"
"140428","6.8","Medium","10.10.10.45","tcp","445","Security Updates for Internet Explorer (September 2020)"
"140501","1.9","Low","10.10.10.45","tcp","445","Security Updates for Microsoft .NET Framework (September 2020)"
"142691","7.6","High","10.10.10.45","tcp","445","Security Updates for Internet Explorer (November 2020)"
"154032","6.8","Medium","10.10.10.45","tcp","445","Security Updates for Internet Explorer (October 2021)"
"154035","7.2","High","10.10.10.45","tcp","445","KB5006728: Windows 7 and Windows Server 2008 R2 Security Update (October 2021)"
"154035","7.2","High","10.10.10.45","tcp","445","KB5006728: Windows 7 and Windows Server 2008 R2 Security Update (October 2021)"
"154035","7.2","High","10.10.10.45","tcp","445","KB5006728: Windows 7 and Windows Server 2008 R2 Security Update (October 2021)"
"154035","7.2","High","10.10.10.45","tcp","445","KB5006728: Windows 7 and Windows Server 2008 R2 Security Update (October 2021)"
"154035","7.2","High","10.10.10.45","tcp","445","KB5006728: Windows 7 and Windows Server 2008 R2 Security Update (October 2021)"
"154035","7.2","High","10.10.10.45","tcp","445","KB5006728: Windows 7 and Windows Server 2008 R2 Security Update (October 2021)"
"154035","7.2","High","10.10.10.45","tcp","445","KB5006728: Windows 7 and Windows Server 2008 R2 Security Update (October 2021)"
"154035","7.2","High","10.10.10.45","tcp","445","KB5006728: Windows 7 and Windows Server 2008 R2 Security Update (October 2021)"
"154035","7.2","High","10.10.10.45","tcp","445","KB5006728: Windows 7 and Windows Server 2008 R2 Security Update (October 2021)"
"154035","7.2","High","10.10.10.45","tcp","445","KB5006728: Windows 7 and Windows Server 2008 R2 Security Update (October 2021)"
"154035","7.2","High","10.10.10.45","tcp","445","KB5006728: Windows 7 and Windows Server 2008 R2 Security Update (October 2021)"
"154035","7.2","High","10.10.10.45","tcp","445","KB5006728: Windows 7 and Windows Server 2008 R2 Security Update (October 2021)"
"154035","7.2","High","10.10.10.45","tcp","445","KB5006728: Windows 7 and Windows Server 2008 R2 Security Update (October 2021)"
"154035","7.2","High","10.10.10.45","tcp","445","KB5006728: Windows 7 and Windows Server 2008 R2 Security Update (October 2021)"
"154035","7.2","High","10.10.10.45","tcp","445","KB5006728: Windows 7 and Windows Server 2008 R2 Security Update (October 2021)"
"154035","7.2","High","10.10.10.45","tcp","445","KB5006728: Windows 7 and Windows Server 2008 R2 Security Update (October 2021)"
"154035","7.2","High","10.10.10.45","tcp","445","KB5006728: Windows 7 and Windows Server 2008 R2 Security Update (October 2021)"
"154035","7.2","High","10.10.10.45","tcp","445","KB5006728: Windows 7 and Windows Server 2008 R2 Security Update (October 2021)"
"154035","7.2","High","10.10.10.45","tcp","445","KB5006728: Windows 7 and Windows Server 2008 R2 Security Update (October 2021)"
"154344","7.5","High","10.10.10.45","tcp","445","Oracle Java SE 1.7.0_321 / 1.8.0_311 / 1.11.0_13 / 1.17.0_1 Multiple Vulnerabilities (October 2021 CPU)"
"154344","7.5","High","10.10.10.45","tcp","445","Oracle Java SE 1.7.0_321 / 1.8.0_311 / 1.11.0_13 / 1.17.0_1 Multiple Vulnerabilities (October 2021 CPU)"
"154344","7.5","High","10.10.10.45","tcp","445","Oracle Java SE 1.7.0_321 / 1.8.0_311 / 1.11.0_13 / 1.17.0_1 Multiple Vulnerabilities (October 2021 CPU)"
"154344","7.5","High","10.10.10.45","tcp","445","Oracle Java SE 1.7.0_321 / 1.8.0_311 / 1.11.0_13 / 1.17.0_1 Multiple Vulnerabilities (October 2021 CPU)"
"154344","7.5","High","10.10.10.45","tcp","445","Oracle Java SE 1.7.0_321 / 1.8.0_311 / 1.11.0_13 / 1.17.0_1 Multiple Vulnerabilities (October 2021 CPU)"
"154344","7.5","High","10.10.10.45","tcp","445","Oracle Java SE 1.7.0_321 / 1.8.0_311 / 1.11.0_13 / 1.17.0_1 Multiple Vulnerabilities (October 2021 CPU)"
"154344","7.5","High","10.10.10.45","tcp","445","Oracle Java SE 1.7.0_321 / 1.8.0_311 / 1.11.0_13 / 1.17.0_1 Multiple Vulnerabilities (October 2021 CPU)"
"154344","7.5","High","10.10.10.45","tcp","445","Oracle Java SE 1.7.0_321 / 1.8.0_311 / 1.11.0_13 / 1.17.0_1 Multiple Vulnerabilities (October 2021 CPU)"
"154344","7.5","High","10.10.10.45","tcp","445","Oracle Java SE 1.7.0_321 / 1.8.0_311 / 1.11.0_13 / 1.17.0_1 Multiple Vulnerabilities (October 2021 CPU)"
"154344","7.5","High","10.10.10.45","tcp","445","Oracle Java SE 1.7.0_321 / 1.8.0_311 / 1.11.0_13 / 1.17.0_1 Multiple Vulnerabilities (October 2021 CPU)"
"154344","7.5","High","10.10.10.45","tcp","445","Oracle Java SE 1.7.0_321 / 1.8.0_311 / 1.11.0_13 / 1.17.0_1 Multiple Vulnerabilities (October 2021 CPU)"
"154344","7.5","High","10.10.10.45","tcp","445","Oracle Java SE 1.7.0_321 / 1.8.0_311 / 1.11.0_13 / 1.17.0_1 Multiple Vulnerabilities (October 2021 CPU)"
"154344","7.5","High","10.10.10.45","tcp","445","Oracle Java SE 1.7.0_321 / 1.8.0_311 / 1.11.0_13 / 1.17.0_1 Multiple Vulnerabilities (October 2021 CPU)"
"154344","7.5","High","10.10.10.45","tcp","445","Oracle Java SE 1.7.0_321 / 1.8.0_311 / 1.11.0_13 / 1.17.0_1 Multiple Vulnerabilities (October 2021 CPU)"
"15901","5.0","Medium","10.10.10.50","tcp","636","SSL Certificate Expiry"
"15901","5.0","Medium","10.10.10.50","tcp","3269","SSL Certificate Expiry"
"20007","7.1","High","10.10.10.50","tcp","636","SSL Version 2 and 3 Protocol Detection"
"20007","7.1","High","10.10.10.50","tcp","3269","SSL Version 2 and 3 Protocol Detection"
"35291","5.0","Medium","10.10.10.50","tcp","636","SSL Certificate Signed Using Weak Hashing Algorithm"
"35291","5.0","Medium","10.10.10.50","tcp","3269","SSL Certificate Signed Using Weak Hashing Algorithm"
"35291","5.0","Medium","10.10.10.50","tcp","3389","SSL Certificate Signed Using Weak Hashing Algorithm"
"35372","5.0","Medium","10.10.10.50","udp","53","DNS Server Dynamic Update Record Injection"
"40435","7.6","High","10.10.10.50","tcp","445","MS09-035: Vulnerabilities in Visual Studio Active Template Library Could Allow Remote Code Execution (969706)"
"40435","7.6","High","10.10.10.50","tcp","445","MS09-035: Vulnerabilities in Visual Studio Active Template Library Could Allow Remote Code Execution (969706)"
"40435","7.6","High","10.10.10.50","tcp","445","MS09-035: Vulnerabilities in Visual Studio Active Template Library Could Allow Remote Code Execution (969706)"
"42873","5.0","Medium","10.10.10.50","tcp","636","SSL Medium Strength Cipher Suites Supported (SWEET32)"
"42873","5.0","Medium","10.10.10.50","tcp","3269","SSL Medium Strength Cipher Suites Supported (SWEET32)"
"42873","5.0","Medium","10.10.10.50","tcp","3389","SSL Medium Strength Cipher Suites Supported (SWEET32)"
"51192","6.4","Medium","10.10.10.50","tcp","636","SSL Certificate Cannot Be Trusted"
"51192","6.4","Medium","10.10.10.50","tcp","3269","SSL Certificate Cannot Be Trusted"
"51192","6.4","Medium","10.10.10.50","tcp","3389","SSL Certificate Cannot Be Trusted"
"57582","6.4","Medium","10.10.10.50","tcp","3389","SSL Self-Signed Certificate"
"63478","6.8","Medium","10.10.10.50","tcp","445","Microsoft Windows LM / NTLMv1 Authentication Enabled"
"65821","4.3","Medium","10.10.10.50","tcp","636","SSL RC4 Cipher Suites Supported (Bar Mitzvah)"
"65821","4.3","Medium","10.10.10.50","tcp","636","SSL RC4 Cipher Suites Supported (Bar Mitzvah)"
"65821","4.3","Medium","10.10.10.50","tcp","3269","SSL RC4 Cipher Suites Supported (Bar Mitzvah)"
"65821","4.3","Medium","10.10.10.50","tcp","3269","SSL RC4 Cipher Suites Supported (Bar Mitzvah)"
"65821","4.3","Medium","10.10.10.50","tcp","3389","SSL RC4 Cipher Suites Supported (Bar Mitzvah)"
"65821","4.3","Medium","10.10.10.50","tcp","3389","SSL RC4 Cipher Suites Supported (Bar Mitzvah)"
"73984","9.0","High","10.10.10.50","tcp","445","MS14-025: Vulnerability in Group Policy Preferences Could Allow Elevation of Privilege (2962486)"
"77150","6.8","Medium","10.10.10.50","tcp","445","HP Version Control Agent (VCA) < 7.3.3 Multiple SSL Vulnerabilities"
"77150","6.8","Medium","10.10.10.50","tcp","445","HP Version Control Agent (VCA) < 7.3.3 Multiple SSL Vulnerabilities"
"77150","6.8","Medium","10.10.10.50","tcp","445","HP Version Control Agent (VCA) < 7.3.3 Multiple SSL Vulnerabilities"
"77150","6.8","Medium","10.10.10.50","tcp","445","HP Version Control Agent (VCA) < 7.3.3 Multiple SSL Vulnerabilities"
"77150","6.8","Medium","10.10.10.50","tcp","445","HP Version Control Agent (VCA) < 7.3.3 Multiple SSL Vulnerabilities"
"77150","6.8","Medium","10.10.10.50","tcp","445","HP Version Control Agent (VCA) < 7.3.3 Multiple SSL Vulnerabilities"
"77150","6.8","Medium","10.10.10.50","tcp","445","HP Version Control Agent (VCA) < 7.3.3 Multiple SSL Vulnerabilities"
"78447","4.3","Medium","10.10.10.50","tcp","445","MS KB3009008: Vulnerability in SSL 3.0 Could Allow Information Disclosure (POODLE)"
"78479","4.3","Medium","10.10.10.50","tcp","636","SSLv3 Padding Oracle On Downgraded Legacy Encryption Vulnerability (POODLE)"
"78479","4.3","Medium","10.10.10.50","tcp","3269","SSLv3 Padding Oracle On Downgraded Legacy Encryption Vulnerability (POODLE)"
"81264","8.3","High","10.10.10.50","tcp","445","MS15-011: Vulnerability in Group Policy Could Allow Remote Code Execution (3000483)"
"101375","10.0","Critical","10.10.10.50","tcp","445","Windows Server 2012 July 2017 Security Updates"
"101375","10.0","Critical","10.10.10.50","tcp","445","Windows Server 2012 July 2017 Security Updates"
"101375","10.0","Critical","10.10.10.50","tcp","445","Windows Server 2012 July 2017 Security Updates"
"101375","10.0","Critical","10.10.10.50","tcp","445","Windows Server 2012 July 2017 Security Updates"
"101375","10.0","Critical","10.10.10.50","tcp","445","Windows Server 2012 July 2017 Security Updates"
"101375","10.0","Critical","10.10.10.50","tcp","445","Windows Server 2012 July 2017 Security Updates"
"101375","10.0","Critical","10.10.10.50","tcp","445","Windows Server 2012 July 2017 Security Updates"
"101375","10.0","Critical","10.10.10.50","tcp","445","Windows Server 2012 July 2017 Security Updates"
"101375","10.0","Critical","10.10.10.50","tcp","445","Windows Server 2012 July 2017 Security Updates"
"101375","10.0","Critical","10.10.10.50","tcp","445","Windows Server 2012 July 2017 Security Updates"
"101375","10.0","Critical","10.10.10.50","tcp","445","Windows Server 2012 July 2017 Security Updates"
"101375","10.0","Critical","10.10.10.50","tcp","445","Windows Server 2012 July 2017 Security Updates"
"101375","10.0","Critical","10.10.10.50","tcp","445","Windows Server 2012 July 2017 Security Updates"
"101375","10.0","Critical","10.10.10.50","tcp","445","Windows Server 2012 July 2017 Security Updates"
"101375","10.0","Critical","10.10.10.50","tcp","445","Windows Server 2012 July 2017 Security Updates"
"101375","10.0","Critical","10.10.10.50","tcp","445","Windows Server 2012 July 2017 Security Updates"
"101375","10.0","Critical","10.10.10.50","tcp","445","Windows Server 2012 July 2017 Security Updates"
"101375","10.0","Critical","10.10.10.50","tcp","445","Windows Server 2012 July 2017 Security Updates"
"101375","10.0","Critical","10.10.10.50","tcp","445","Windows Server 2012 July 2017 Security Updates"
"101375","10.0","Critical","10.10.10.50","tcp","445","Windows Server 2012 July 2017 Security Updates"
"101375","10.0","Critical","10.10.10.50","tcp","445","Windows Server 2012 July 2017 Security Updates"
"101375","10.0","Critical","10.10.10.50","tcp","445","Windows Server 2012 July 2017 Security Updates"
"101375","10.0","Critical","10.10.10.50","tcp","445","Windows Server 2012 July 2017 Security Updates"
"101375","10.0","Critical","10.10.10.50","tcp","445","Windows Server 2012 July 2017 Security Updates"
"101375","10.0","Critical","10.10.10.50","tcp","445","Windows Server 2012 July 2017 Security Updates"
"101375","10.0","Critical","10.10.10.50","tcp","445","Windows Server 2012 July 2017 Security Updates"
"101375","10.0","Critical","10.10.10.50","tcp","445","Windows Server 2012 July 2017 Security Updates"
"104743","6.1","Medium","10.10.10.50","tcp","636","TLS Version 1.0 Protocol Detection"
"104743","6.1","Medium","10.10.10.50","tcp","3269","TLS Version 1.0 Protocol Detection"
"104743","6.1","Medium","10.10.10.50","tcp","3389","TLS Version 1.0 Protocol Detection"
"132101","5.4","Medium","10.10.10.50","tcp","445","Windows Speculative Execution Configuration Check"
"132101","5.4","Medium","10.10.10.50","tcp","445","Windows Speculative Execution Configuration Check"
"132101","5.4","Medium","10.10.10.50","tcp","445","Windows Speculative Execution Configuration Check"
"132101","5.4","Medium","10.10.10.50","tcp","445","Windows Speculative Execution Configuration Check"
"132101","5.4","Medium","10.10.10.50","tcp","445","Windows Speculative Execution Configuration Check"
"132101","5.4","Medium","10.10.10.50","tcp","445","Windows Speculative Execution Configuration Check"
"132101","5.4","Medium","10.10.10.50","tcp","445","Windows Speculative Execution Configuration Check"
"132101","5.4","Medium","10.10.10.50","tcp","445","Windows Speculative Execution Configuration Check"
"132101","5.4","Medium","10.10.10.50","tcp","445","Windows Speculative Execution Configuration Check"
"132101","5.4","Medium","10.10.10.50","tcp","445","Windows Speculative Execution Configuration Check"
"132101","5.4","Medium","10.10.10.50","tcp","445","Windows Speculative Execution Configuration Check"
"132999","10.0","Critical","10.10.10.50","tcp","445","Security Updates for Microsoft .NET Framework (January 2020)"
"132999","10.0","Critical","10.10.10.50","tcp","445","Security Updates for Microsoft .NET Framework (January 2020)"
"132999","10.0","Critical","10.10.10.50","tcp","445","Security Updates for Microsoft .NET Framework (January 2020)"
"134204","4.3","Medium","10.10.10.50","tcp","445","MS15-124: Cumulative Security Update for Internet Explorer (CVE-2015-6161) (3125869)"
"134942","10.0","Critical","10.10.10.50","tcp","445","Microsoft Windows Type 1 Font Parsing Remote Code Execution Vulnerability (ADV200006)"
"135901","5.8","Medium","10.10.10.50","tcp","445","Windows Malicious Software Removal Tool Elevation of Privilege Vulnerability"
"135901","5.8","Medium","10.10.10.50","tcp","445","Windows Malicious Software Removal Tool Elevation of Privilege Vulnerability"
"136508","9.3","High","10.10.10.50","tcp","445","KB4556852: Windows Server 2012 May 2020 Security Update"
"136508","9.3","High","10.10.10.50","tcp","445","KB4556852: Windows Server 2012 May 2020 Security Update"
"136508","9.3","High","10.10.10.50","tcp","445","KB4556852: Windows Server 2012 May 2020 Security Update"
"136508","9.3","High","10.10.10.50","tcp","445","KB4556852: Windows Server 2012 May 2020 Security Update"
"136508","9.3","High","10.10.10.50","tcp","445","KB4556852: Windows Server 2012 May 2020 Security Update"
"136508","9.3","High","10.10.10.50","tcp","445","KB4556852: Windows Server 2012 May 2020 Security Update"
"136508","9.3","High","10.10.10.50","tcp","445","KB4556852: Windows Server 2012 May 2020 Security Update"
"136508","9.3","High","10.10.10.50","tcp","445","KB4556852: Windows Server 2012 May 2020 Security Update"
"136508","9.3","High","10.10.10.50","tcp","445","KB4556852: Windows Server 2012 May 2020 Security Update"
"136508","9.3","High","10.10.10.50","tcp","445","KB4556852: Windows Server 2012 May 2020 Security Update"
"136508","9.3","High","10.10.10.50","tcp","445","KB4556852: Windows Server 2012 May 2020 Security Update"
"136508","9.3","High","10.10.10.50","tcp","445","KB4556852: Windows Server 2012 May 2020 Security Update"
"136508","9.3","High","10.10.10.50","tcp","445","KB4556852: Windows Server 2012 May 2020 Security Update"
"136508","9.3","High","10.10.10.50","tcp","445","KB4556852: Windows Server 2012 May 2020 Security Update"
"136508","9.3","High","10.10.10.50","tcp","445","KB4556852: Windows Server 2012 May 2020 Security Update"
"136508","9.3","High","10.10.10.50","tcp","445","KB4556852: Windows Server 2012 May 2020 Security Update"
"136508","9.3","High","10.10.10.50","tcp","445","KB4556852: Windows Server 2012 May 2020 Security Update"
"136508","9.3","High","10.10.10.50","tcp","445","KB4556852: Windows Server 2012 May 2020 Security Update"
"136508","9.3","High","10.10.10.50","tcp","445","KB4556852: Windows Server 2012 May 2020 Security Update"
"136508","9.3","High","10.10.10.50","tcp","445","KB4556852: Windows Server 2012 May 2020 Security Update"
"136508","9.3","High","10.10.10.50","tcp","445","KB4556852: Windows Server 2012 May 2020 Security Update"
"136508","9.3","High","10.10.10.50","tcp","445","KB4556852: Windows Server 2012 May 2020 Security Update"
"136508","9.3","High","10.10.10.50","tcp","445","KB4556852: Windows Server 2012 May 2020 Security Update"
"136508","9.3","High","10.10.10.50","tcp","445","KB4556852: Windows Server 2012 May 2020 Security Update"
"136508","9.3","High","10.10.10.50","tcp","445","KB4556852: Windows Server 2012 May 2020 Security Update"
"136508","9.3","High","10.10.10.50","tcp","445","KB4556852: Windows Server 2012 May 2020 Security Update"
"136508","9.3","High","10.10.10.50","tcp","445","KB4556852: Windows Server 2012 May 2020 Security Update"
"136508","9.3","High","10.10.10.50","tcp","445","KB4556852: Windows Server 2012 May 2020 Security Update"
"136508","9.3","High","10.10.10.50","tcp","445","KB4556852: Windows Server 2012 May 2020 Security Update"
"136508","9.3","High","10.10.10.50","tcp","445","KB4556852: Windows Server 2012 May 2020 Security Update"
"136508","9.3","High","10.10.10.50","tcp","445","KB4556852: Windows Server 2012 May 2020 Security Update"
"136508","9.3","High","10.10.10.50","tcp","445","KB4556852: Windows Server 2012 May 2020 Security Update"
"136508","9.3","High","10.10.10.50","tcp","445","KB4556852: Windows Server 2012 May 2020 Security Update"
"136508","9.3","High","10.10.10.50","tcp","445","KB4556852: Windows Server 2012 May 2020 Security Update"
"136508","9.3","High","10.10.10.50","tcp","445","KB4556852: Windows Server 2012 May 2020 Security Update"
"136564","4.6","Medium","10.10.10.50","tcp","445","Security Updates for Microsoft .NET Framework (May 2020)"
"136564","4.6","Medium","10.10.10.50","tcp","445","Security Updates for Microsoft .NET Framework (May 2020)"
"138464","6.8","Medium","10.10.10.50","tcp","445","Security Updates for Microsoft .NET Framework (July 2020)"
"139493","9.3","High","10.10.10.50","tcp","445","KB4571702: Windows Server 2012 August 2020 Security Update"
"139493","9.3","High","10.10.10.50","tcp","445","KB4571702: Windows Server 2012 August 2020 Security Update"
"139493","9.3","High","10.10.10.50","tcp","445","KB4571702: Windows Server 2012 August 2020 Security Update"
"139493","9.3","High","10.10.10.50","tcp","445","KB4571702: Windows Server 2012 August 2020 Security Update"
"139493","9.3","High","10.10.10.50","tcp","445","KB4571702: Windows Server 2012 August 2020 Security Update"
"139493","9.3","High","10.10.10.50","tcp","445","KB4571702: Windows Server 2012 August 2020 Security Update"
"139493","9.3","High","10.10.10.50","tcp","445","KB4571702: Windows Server 2012 August 2020 Security Update"
"139493","9.3","High","10.10.10.50","tcp","445","KB4571702: Windows Server 2012 August 2020 Security Update"
"139493","9.3","High","10.10.10.50","tcp","445","KB4571702: Windows Server 2012 August 2020 Security Update"
"139493","9.3","High","10.10.10.50","tcp","445","KB4571702: Windows Server 2012 August 2020 Security Update"
"139493","9.3","High","10.10.10.50","tcp","445","KB4571702: Windows Server 2012 August 2020 Security Update"
"139493","9.3","High","10.10.10.50","tcp","445","KB4571702: Windows Server 2012 August 2020 Security Update"
"139493","9.3","High","10.10.10.50","tcp","445","KB4571702: Windows Server 2012 August 2020 Security Update"
"139493","9.3","High","10.10.10.50","tcp","445","KB4571702: Windows Server 2012 August 2020 Security Update"
"139493","9.3","High","10.10.10.50","tcp","445","KB4571702: Windows Server 2012 August 2020 Security Update"
"139493","9.3","High","10.10.10.50","tcp","445","KB4571702: Windows Server 2012 August 2020 Security Update"
"139493","9.3","High","10.10.10.50","tcp","445","KB4571702: Windows Server 2012 August 2020 Security Update"
"139493","9.3","High","10.10.10.50","tcp","445","KB4571702: Windows Server 2012 August 2020 Security Update"
"139493","9.3","High","10.10.10.50","tcp","445","KB4571702: Windows Server 2012 August 2020 Security Update"
"139493","9.3","High","10.10.10.50","tcp","445","KB4571702: Windows Server 2012 August 2020 Security Update"
"139493","9.3","High","10.10.10.50","tcp","445","KB4571702: Windows Server 2012 August 2020 Security Update"
"139493","9.3","High","10.10.10.50","tcp","445","KB4571702: Windows Server 2012 August 2020 Security Update"
"139493","9.3","High","10.10.10.50","tcp","445","KB4571702: Windows Server 2012 August 2020 Security Update"
"139493","9.3","High","10.10.10.50","tcp","445","KB4571702: Windows Server 2012 August 2020 Security Update"
"139493","9.3","High","10.10.10.50","tcp","445","KB4571702: Windows Server 2012 August 2020 Security Update"
"139493","9.3","High","10.10.10.50","tcp","445","KB4571702: Windows Server 2012 August 2020 Security Update"
"139493","9.3","High","10.10.10.50","tcp","445","KB4571702: Windows Server 2012 August 2020 Security Update"
"139493","9.3","High","10.10.10.50","tcp","445","KB4571702: Windows Server 2012 August 2020 Security Update"
"139493","9.3","High","10.10.10.50","tcp","445","KB4571702: Windows Server 2012 August 2020 Security Update"
"139493","9.3","High","10.10.10.50","tcp","445","KB4571702: Windows Server 2012 August 2020 Security Update"
"139493","9.3","High","10.10.10.50","tcp","445","KB4571702: Windows Server 2012 August 2020 Security Update"
"139493","9.3","High","10.10.10.50","tcp","445","KB4571702: Windows Server 2012 August 2020 Security Update"
"139493","9.3","High","10.10.10.50","tcp","445","KB4571702: Windows Server 2012 August 2020 Security Update"
"139493","9.3","High","10.10.10.50","tcp","445","KB4571702: Windows Server 2012 August 2020 Security Update"
"139493","9.3","High","10.10.10.50","tcp","445","KB4571702: Windows Server 2012 August 2020 Security Update"
"139493","9.3","High","10.10.10.50","tcp","445","KB4571702: Windows Server 2012 August 2020 Security Update"
"139493","9.3","High","10.10.10.50","tcp","445","KB4571702: Windows Server 2012 August 2020 Security Update"
"139493","9.3","High","10.10.10.50","tcp","445","KB4571702: Windows Server 2012 August 2020 Security Update"
"139493","9.3","High","10.10.10.50","tcp","445","KB4571702: Windows Server 2012 August 2020 Security Update"
"139493","9.3","High","10.10.10.50","tcp","445","KB4571702: Windows Server 2012 August 2020 Security Update"
"139493","9.3","High","10.10.10.50","tcp","445","KB4571702: Windows Server 2012 August 2020 Security Update"
"139493","9.3","High","10.10.10.50","tcp","445","KB4571702: Windows Server 2012 August 2020 Security Update"
"139493","9.3","High","10.10.10.50","tcp","445","KB4571702: Windows Server 2012 August 2020 Security Update"
"139493","9.3","High","10.10.10.50","tcp","445","KB4571702: Windows Server 2012 August 2020 Security Update"
"139493","9.3","High","10.10.10.50","tcp","445","KB4571702: Windows Server 2012 August 2020 Security Update"
"139598","9.3","High","10.10.10.50","tcp","445","Security Updates for Microsoft .NET Framework (August 2020)"
"139598","9.3","High","10.10.10.50","tcp","445","Security Updates for Microsoft .NET Framework (August 2020)"
"140419","9.3","High","10.10.10.50","tcp","445","KB4577048: Windows Server 2012 September 2020 Security Update"
"140419","9.3","High","10.10.10.50","tcp","445","KB4577048: Windows Server 2012 September 2020 Security Update"
"140419","9.3","High","10.10.10.50","tcp","445","KB4577048: Windows Server 2012 September 2020 Security Update"
"140419","9.3","High","10.10.10.50","tcp","445","KB4577048: Windows Server 2012 September 2020 Security Update"
"140419","9.3","High","10.10.10.50","tcp","445","KB4577048: Windows Server 2012 September 2020 Security Update"
"140419","9.3","High","10.10.10.50","tcp","445","KB4577048: Windows Server 2012 September 2020 Security Update"
"140419","9.3","High","10.10.10.50","tcp","445","KB4577048: Windows Server 2012 September 2020 Security Update"
"140419","9.3","High","10.10.10.50","tcp","445","KB4577048: Windows Server 2012 September 2020 Security Update"
"140419","9.3","High","10.10.10.50","tcp","445","KB4577048: Windows Server 2012 September 2020 Security Update"
"140419","9.3","High","10.10.10.50","tcp","445","KB4577048: Windows Server 2012 September 2020 Security Update"
"140419","9.3","High","10.10.10.50","tcp","445","KB4577048: Windows Server 2012 September 2020 Security Update"
"140419","9.3","High","10.10.10.50","tcp","445","KB4577048: Windows Server 2012 September 2020 Security Update"
"140419","9.3","High","10.10.10.50","tcp","445","KB4577048: Windows Server 2012 September 2020 Security Update"
"140419","9.3","High","10.10.10.50","tcp","445","KB4577048: Windows Server 2012 September 2020 Security Update"
"140419","9.3","High","10.10.10.50","tcp","445","KB4577048: Windows Server 2012 September 2020 Security Update"
"140419","9.3","High","10.10.10.50","tcp","445","KB4577048: Windows Server 2012 September 2020 Security Update"
"140419","9.3","High","10.10.10.50","tcp","445","KB4577048: Windows Server 2012 September 2020 Security Update"
"140419","9.3","High","10.10.10.50","tcp","445","KB4577048: Windows Server 2012 September 2020 Security Update"
"140419","9.3","High","10.10.10.50","tcp","445","KB4577048: Windows Server 2012 September 2020 Security Update"
"140419","9.3","High","10.10.10.50","tcp","445","KB4577048: Windows Server 2012 September 2020 Security Update"
"140419","9.3","High","10.10.10.50","tcp","445","KB4577048: Windows Server 2012 September 2020 Security Update"
"140419","9.3","High","10.10.10.50","tcp","445","KB4577048: Windows Server 2012 September 2020 Security Update"
"140419","9.3","High","10.10.10.50","tcp","445","KB4577048: Windows Server 2012 September 2020 Security Update"
"140419","9.3","High","10.10.10.50","tcp","445","KB4577048: Windows Server 2012 September 2020 Security Update"
"140419","9.3","High","10.10.10.50","tcp","445","KB4577048: Windows Server 2012 September 2020 Security Update"
"140419","9.3","High","10.10.10.50","tcp","445","KB4577048: Windows Server 2012 September 2020 Security Update"
"140419","9.3","High","10.10.10.50","tcp","445","KB4577048: Windows Server 2012 September 2020 Security Update"
"140419","9.3","High","10.10.10.50","tcp","445","KB4577048: Windows Server 2012 September 2020 Security Update"
"140419","9.3","High","10.10.10.50","tcp","445","KB4577048: Windows Server 2012 September 2020 Security Update"
"140419","9.3","High","10.10.10.50","tcp","445","KB4577048: Windows Server 2012 September 2020 Security Update"
"140419","9.3","High","10.10.10.50","tcp","445","KB4577048: Windows Server 2012 September 2020 Security Update"
"140419","9.3","High","10.10.10.50","tcp","445","KB4577048: Windows Server 2012 September 2020 Security Update"
"140419","9.3","High","10.10.10.50","tcp","445","KB4577048: Windows Server 2012 September 2020 Security Update"
"140419","9.3","High","10.10.10.50","tcp","445","KB4577048: Windows Server 2012 September 2020 Security Update"
"140419","9.3","High","10.10.10.50","tcp","445","KB4577048: Windows Server 2012 September 2020 Security Update"
"140419","9.3","High","10.10.10.50","tcp","445","KB4577048: Windows Server 2012 September 2020 Security Update"
"140419","9.3","High","10.10.10.50","tcp","445","KB4577048: Windows Server 2012 September 2020 Security Update"
"140419","9.3","High","10.10.10.50","tcp","445","KB4577048: Windows Server 2012 September 2020 Security Update"
"140419","9.3","High","10.10.10.50","tcp","445","KB4577048: Windows Server 2012 September 2020 Security Update"
"140419","9.3","High","10.10.10.50","tcp","445","KB4577048: Windows Server 2012 September 2020 Security Update"
"140419","9.3","High","10.10.10.50","tcp","445","KB4577048: Windows Server 2012 September 2020 Security Update"
"140419","9.3","High","10.10.10.50","tcp","445","KB4577048: Windows Server 2012 September 2020 Security Update"
"140419","9.3","High","10.10.10.50","tcp","445","KB4577048: Windows Server 2012 September 2020 Security Update"
"140419","9.3","High","10.10.10.50","tcp","445","KB4577048: Windows Server 2012 September 2020 Security Update"
"140419","9.3","High","10.10.10.50","tcp","445","KB4577048: Windows Server 2012 September 2020 Security Update"
"140419","9.3","High","10.10.10.50","tcp","445","KB4577048: Windows Server 2012 September 2020 Security Update"
"140419","9.3","High","10.10.10.50","tcp","445","KB4577048: Windows Server 2012 September 2020 Security Update"
"141503","4.0","Medium","10.10.10.50","tcp","445","Security Updates for Microsoft .NET Framework (October 2020)"
"144450","4.6","Medium","10.10.10.50","tcp","445","McAfee VirusScan Enterprise < 8.8 Patch 16 Access Control Bypass Vulnerability (SB10338)"
"154036","7.2","High","10.10.10.50","tcp","445","KB5006732: Windows Server 2012 Security Update (October 2021)"
"154036","7.2","High","10.10.10.50","tcp","445","KB5006732: Windows Server 2012 Security Update (October 2021)"
"154036","7.2","High","10.10.10.50","tcp","445","KB5006732: Windows Server 2012 Security Update (October 2021)"
"154036","7.2","High","10.10.10.50","tcp","445","KB5006732: Windows Server 2012 Security Update (October 2021)"
"154036","7.2","High","10.10.10.50","tcp","445","KB5006732: Windows Server 2012 Security Update (October 2021)"
"154036","7.2","High","10.10.10.50","tcp","445","KB5006732: Windows Server 2012 Security Update (October 2021)"
"154036","7.2","High","10.10.10.50","tcp","445","KB5006732: Windows Server 2012 Security Update (October 2021)"
"154036","7.2","High","10.10.10.50","tcp","445","KB5006732: Windows Server 2012 Security Update (October 2021)"
"154036","7.2","High","10.10.10.50","tcp","445","KB5006732: Windows Server 2012 Security Update (October 2021)"
"154036","7.2","High","10.10.10.50","tcp","445","KB5006732: Windows Server 2012 Security Update (October 2021)"
"154036","7.2","High","10.10.10.50","tcp","445","KB5006732: Windows Server 2012 Security Update (October 2021)"
"154036","7.2","High","10.10.10.50","tcp","445","KB5006732: Windows Server 2012 Security Update (October 2021)"
"154036","7.2","High","10.10.10.50","tcp","445","KB5006732: Windows Server 2012 Security Update (October 2021)"
"154036","7.2","High","10.10.10.50","tcp","445","KB5006732: Windows Server 2012 Security Update (October 2021)"
"154036","7.2","High","10.10.10.50","tcp","445","KB5006732: Windows Server 2012 Security Update (October 2021)"
"154036","7.2","High","10.10.10.50","tcp","445","KB5006732: Windows Server 2012 Security Update (October 2021)"
"154036","7.2","High","10.10.10.50","tcp","445","KB5006732: Windows Server 2012 Security Update (October 2021)"
"154036","7.2","High","10.10.10.50","tcp","445","KB5006732: Windows Server 2012 Security Update (October 2021)"
"154036","7.2","High","10.10.10.50","tcp","445","KB5006732: Windows Server 2012 Security Update (October 2021)"
"154036","7.2","High","10.10.10.50","tcp","445","KB5006732: Windows Server 2012 Security Update (October 2021)"
"154036","7.2","High","10.10.10.50","tcp","445","KB5006732: Windows Server 2012 Security Update (October 2021)"
"154036","7.2","High","10.10.10.50","tcp","445","KB5006732: Windows Server 2012 Security Update (October 2021)"
"154036","7.2","High","10.10.10.50","tcp","445","KB5006732: Windows Server 2012 Security Update (October 2021)"
"154036","7.2","High","10.10.10.50","tcp","445","KB5006732: Windows Server 2012 Security Update (October 2021)"
"154036","7.2","High","10.10.10.50","tcp","445","KB5006732: Windows Server 2012 Security Update (October 2021)"
"154036","7.2","High","10.10.10.50","tcp","445","KB5006732: Windows Server 2012 Security Update (October 2021)"
"154036","7.2","High","10.10.10.50","tcp","445","KB5006732: Windows Server 2012 Security Update (October 2021)"
"41028","7.5","High","10.10.10.62","udp","161","SNMP Agent Default Community Name (public)"
"42263","5.8","Medium","10.10.10.62","tcp","23","Unencrypted Telnet Server"
"69346","4.3","Medium","10.10.10.62","tcp","0","HP ProCurve Switches Remote Unauthorized Information Disclosure"
"76474","5.0","Medium","10.10.10.62","udp","161","SNMP 'GETBULK' Reflection DDoS"
"57608","5.0","Medium","10.10.10.66","tcp","445","SMB Signing not required"
"41028","7.5","High","10.10.10.69","udp","161","SNMP Agent Default Community Name (public)"
"42263","5.8","Medium","10.10.10.69","tcp","23","Unencrypted Telnet Server"
"76474","5.0","Medium","10.10.10.69","udp","161","SNMP 'GETBULK' Reflection DDoS"
"136929","4.3","Medium","10.10.10.82","tcp","8081","JQuery 1.2 < 3.5.0 Multiple XSS"
"136929","4.3","Medium","10.10.10.82","tcp","8081","JQuery 1.2 < 3.5.0 Multiple XSS"
"57608","5.0","Medium","10.10.10.83","tcp","445","SMB Signing not required"
"11197","3.3","Low","10.10.10.89","icmp","0","Multiple Ethernet Driver Frame Padding Information Disclosure (Etherleak)"
"41028","7.5","High","10.10.10.89","udp","161","SNMP Agent Default Community Name (public)"
"76474","5.0","Medium","10.10.10.89","udp","161","SNMP 'GETBULK' Reflection DDoS"
"57608","5.0","Medium","10.10.10.93","tcp","445","SMB Signing not required"
"57608","5.0","Medium","10.10.10.94","tcp","445","SMB Signing not required"
"57608","5.0","Medium","10.10.10.98","tcp","445","SMB Signing not required"
"71049","2.6","Low","10.10.20.196","tcp","22","SSH Weak MAC Algorithms Enabled"
"153953","2.6","Low","10.10.20.196","tcp","22","SSH Weak Key Exchange Algorithms Enabled"
"71049","2.6","Low","10.10.20.197","tcp","22","SSH Weak MAC Algorithms Enabled"
"153953","2.6","Low","10.10.20.197","tcp","22","SSH Weak Key Exchange Algorithms Enabled"
"10663","3.3","Low","10.10.20.2","udp","67","DHCP Server Detection"
"15901","5.0","Medium","10.10.20.2","tcp","465","SSL Certificate Expiry"
"31705","2.6","Low","10.10.20.2","tcp","465","SSL Anonymous Cipher Suites Supported"
"35291","5.0","Medium","10.10.20.2","tcp","4444","SSL Certificate Signed Using Weak Hashing Algorithm"
"51192","6.4","Medium","10.10.20.2","tcp","465","SSL Certificate Cannot Be Trusted"
"51192","6.4","Medium","10.10.20.2","tcp","4444","SSL Certificate Cannot Be Trusted"
"57582","6.4","Medium","10.10.20.2","tcp","4444","SSL Self-Signed Certificate"
"42873","5.0","Medium","10.10.20.21","tcp","3389","SSL Medium Strength Cipher Suites Supported (SWEET32)"
"51192","6.4","Medium","10.10.20.21","tcp","3389","SSL Certificate Cannot Be Trusted"
"57582","6.4","Medium","10.10.20.21","tcp","3389","SSL Self-Signed Certificate"
"57608","5.0","Medium","10.10.20.21","tcp","445","SMB Signing not required"
"65821","4.3","Medium","10.10.20.21","tcp","3389","SSL RC4 Cipher Suites Supported (Bar Mitzvah)"
"65821","4.3","Medium","10.10.20.21","tcp","3389","SSL RC4 Cipher Suites Supported (Bar Mitzvah)"
"104743","6.1","Medium","10.10.20.21","tcp","3389","TLS Version 1.0 Protocol Detection"
"71049","2.6","Low","10.10.20.212","tcp","22","SSH Weak MAC Algorithms Enabled"
"153953","2.6","Low","10.10.20.212","tcp","22","SSH Weak Key Exchange Algorithms Enabled"
"71049","2.6","Low","10.10.20.27","tcp","22","SSH Weak MAC Algorithms Enabled"
"153953","2.6","Low","10.10.20.27","tcp","22","SSH Weak Key Exchange Algorithms Enabled"
"10068","5.0","Medium","10.10.20.3","tcp","79","Finger Service Remote Information Disclosure"
"42263","5.8","Medium","10.10.20.3","tcp","23","Unencrypted Telnet Server"
"12085","5.0","Medium","10.10.20.4","tcp","8080","Apache Tomcat Default Files"
"12085","5.0","Medium","10.10.20.4","tcp","8880","Apache Tomcat Default Files"
"15901","5.0","Medium","10.10.20.4","tcp","465","SSL Certificate Expiry"
"31705","2.6","Low","10.10.20.4","tcp","465","SSL Anonymous Cipher Suites Supported"
"35291","5.0","Medium","10.10.20.4","tcp","4444","SSL Certificate Signed Using Weak Hashing Algorithm"
"51192","6.4","Medium","10.10.20.4","tcp","465","SSL Certificate Cannot Be Trusted"
"51192","6.4","Medium","10.10.20.4","tcp","4444","SSL Certificate Cannot Be Trusted"
"57582","6.4","Medium","10.10.20.4","tcp","4444","SSL Self-Signed Certificate"
"147163","4.4","Medium","10.10.20.4","tcp","8080","Apache Tomcat 7.0.0 < 7.0.108 RCE"
"147163","4.4","Medium","10.10.20.4","tcp","8880","Apache Tomcat 7.0.0 < 7.0.108 RCE"
"148405","4.3","Medium","10.10.20.4","tcp","8080","Apache Tomcat 7.0.0 < 7.0.107 Information Disclosure"
"148405","4.3","Medium","10.10.20.4","tcp","8880","Apache Tomcat 7.0.0 < 7.0.107 Information Disclosure"
"41028","7.5","High","10.10.20.47","udp","161","SNMP Agent Default Community Name (public)"
"42263","5.8","Medium","10.10.20.47","tcp","23","Unencrypted Telnet Server"
"76474","5.0","Medium","10.10.20.47","udp","161","SNMP 'GETBULK' Reflection DDoS"
"41028","7.5","High","10.10.20.81","udp","161","SNMP Agent Default Community Name (public)"
"42263","5.8","Medium","10.10.20.81","tcp","23","Unencrypted Telnet Server"
"76474","5.0","Medium","10.10.20.81","udp","161","SNMP 'GETBULK' Reflection DDoS"
